model_name,slice_dimension,slice_value,rows,WAPE,Bias
CONV1D_ATTENTION_GLOBAL,horizon,1,96,0.15676954321626227,0.034183783735984206
CONV1D_ATTENTION_GLOBAL,horizon,2,96,0.16123749830085563,0.08304450752925302
CONV1D_ATTENTION_GLOBAL,horizon,3,96,0.10721178426439978,0.025455275508110192
CONV1D_ATTENTION_GLOBAL,horizon,4,96,0.11462241547840701,0.10208197797774726
CONV1D_ATTENTION_GLOBAL,horizon,5,96,0.2284712488415578,-0.04172396961325784
CONV1D_ATTENTION_GLOBAL,horizon,6,96,0.13556621187524076,0.07304564697108341
CONV1D_ATTENTION_GLOBAL,horizon,7,96,0.15768479164986557,-0.06620459321460184
CONV1D_ATTENTION_GLOBAL,horizon,8,96,0.14425403917895302,0.07751989061256603
CONV1D_ATTENTION_GLOBAL,horizon,9,96,0.22201256214044882,-0.07601068591043364
CONV1D_ATTENTION_GLOBAL,horizon,10,96,0.13371732354030286,0.06028049322941311
CONV1D_ATTENTION_GLOBAL,horizon,11,96,0.11095031700876949,-0.052223325649930465
CONV1D_ATTENTION_GLOBAL,horizon,12,96,0.20812845986513737,0.10570754196194418
CROSTON_SBA,horizon,1,96,0.1656886596907937,0.07930338244329829
CROSTON_SBA,horizon,2,96,0.20084460885532346,0.11263813052308866
CROSTON_SBA,horizon,3,96,0.12572721644115423,0.07485393032084019
CROSTON_SBA,horizon,4,96,0.16819324927987422,0.16070691205925308
CROSTON_SBA,horizon,5,96,0.2540090219361514,0.012263096179614526
CROSTON_SBA,horizon,6,96,0.16074829951333808,0.09704581758169009
CROSTON_SBA,horizon,7,96,0.1708404961439604,0.010812007190516903
CROSTON_SBA,horizon,8,96,0.18053757591820518,0.13090146690661483
CROSTON_SBA,horizon,9,96,0.2755844734909,-0.04313268778800791
CROSTON_SBA,horizon,10,96,0.15805310054271832,0.11861437251070223
CROSTON_SBA,horizon,11,96,0.132247425952575,0.10197386322815545
CROSTON_SBA,horizon,12,96,0.30326773901548765,0.26461108922743215
ETS_A_N_A,horizon,1,96,0.1758939283074419,-0.03320895750634296
ETS_A_N_A,horizon,2,96,0.22102117184574882,0.029133104506002965
ETS_A_N_A,horizon,3,96,0.07947343763937367,-0.015003347140816338
ETS_A_N_A,horizon,4,96,0.12625670535369274,-0.008323576734676
ETS_A_N_A,horizon,5,96,0.23866066632503552,-0.048044235362220716
ETS_A_N_A,horizon,6,96,0.14345961155271847,0.029961117283626115
ETS_A_N_A,horizon,7,96,0.181574626200888,-0.052689965929158776
ETS_A_N_A,horizon,8,96,0.15312679920852945,0.04923013403959433
ETS_A_N_A,horizon,9,96,0.26365227043868983,-0.14355122363414152
ETS_A_N_A,horizon,10,96,0.09809770949190819,0.029829564388156298
ETS_A_N_A,horizon,11,96,0.0961211354326243,0.028943546605663707
ETS_A_N_A,horizon,12,96,0.16216686749785428,0.04745601370022211
EXTRA_TREES,horizon,1,96,0.10359020708254664,0.028641483260572424
EXTRA_TREES,horizon,2,96,0.15354487218133048,0.017388055262830222
EXTRA_TREES,horizon,3,96,0.08665559634186144,-0.020165756364690767
EXTRA_TREES,horizon,4,96,0.07816122529612017,-0.01692116013086798
EXTRA_TREES,horizon,5,96,0.2181742748517956,-0.10871330893567221
EXTRA_TREES,horizon,6,96,0.0911267307070625,0.01763399195311999
EXTRA_TREES,horizon,7,96,0.1013204768315907,-0.017485646424091155
EXTRA_TREES,horizon,8,96,0.10439614185257984,0.018145930482352326
EXTRA_TREES,horizon,9,96,0.23122438383373842,-0.18297212056356701
EXTRA_TREES,horizon,10,96,0.1259640039044345,-0.024866667580732763
EXTRA_TREES,horizon,11,96,0.09083890437208698,-0.057545037540469024
EXTRA_TREES,horizon,12,96,0.1433575595534043,0.048921848983289065
EXTRA_TREES_DAMPED_TREND,horizon,1,96,0.09322669637652538,0.024755465000236822
EXTRA_TREES_DAMPED_TREND,horizon,2,96,0.18574102507925846,0.007560502914409547
EXTRA_TREES_DAMPED_TREND,horizon,3,96,0.12999384618292711,-0.03410854362711344
EXTRA_TREES_DAMPED_TREND,horizon,4,96,0.07782931673593697,-0.017743551300559775
EXTRA_TREES_DAMPED_TREND,horizon,5,96,0.23198070767969067,-0.1400669727481203
EXTRA_TREES_DAMPED_TREND,horizon,6,96,0.11502558356350508,-0.0028416496204439093
EXTRA_TREES_DAMPED_TREND,horizon,7,96,0.12289947382305715,-0.02705803661904094
EXTRA_TREES_DAMPED_TREND,horizon,8,96,0.1275502338572626,0.02584438989636881
EXTRA_TREES_DAMPED_TREND,horizon,9,96,0.2166487283147655,-0.16233027860140659
EXTRA_TREES_DAMPED_TREND,horizon,10,96,0.1395424045381968,0.004540856118243869
EXTRA_TREES_DAMPED_TREND,horizon,11,96,0.10433087857222692,-0.039080966378051064
EXTRA_TREES_DAMPED_TREND,horizon,12,96,0.1620577663126815,0.07458976013865326
EXTRA_TREES_RESPONSIVE,horizon,1,96,0.10393312034401114,0.03772363852379271
EXTRA_TREES_RESPONSIVE,horizon,2,96,0.16227021991403312,0.022118066811532423
EXTRA_TREES_RESPONSIVE,horizon,3,96,0.09134176157211953,-0.006370715876841487
EXTRA_TREES_RESPONSIVE,horizon,4,96,0.08594931791963059,-0.024365982382819076
EXTRA_TREES_RESPONSIVE,horizon,5,96,0.23146940911166372,-0.09954350374353181
EXTRA_TREES_RESPONSIVE,horizon,6,96,0.09030932155222618,0.012943945699388724
EXTRA_TREES_RESPONSIVE,horizon,7,96,0.10277101158818737,-0.007389889952356268
EXTRA_TREES_RESPONSIVE,horizon,8,96,0.1039944332701764,0.021078996760332827
EXTRA_TREES_RESPONSIVE,horizon,9,96,0.22141037914105005,-0.18171401561368353
EXTRA_TREES_RESPONSIVE,horizon,10,96,0.12883048759228335,-0.030816278047735884
EXTRA_TREES_RESPONSIVE,horizon,11,96,0.08904175948354179,-0.056881191079993856
EXTRA_TREES_RESPONSIVE,horizon,12,96,0.13917607411263255,0.04693660225626415
LIGHTGBM,horizon,1,96,0.0914883286605612,0.04705806805603523
LIGHTGBM,horizon,2,96,0.1780505507868578,0.014755953331087038
LIGHTGBM,horizon,3,96,0.11311366279140982,0.004320330264285188
LIGHTGBM,horizon,4,96,0.10230042890077247,-0.025457908969075967
LIGHTGBM,horizon,5,96,0.23242600284829418,-0.13215482092459582
LIGHTGBM,horizon,6,96,0.1010677248734173,0.026117271316998716
LIGHTGBM,horizon,7,96,0.16078949333242756,0.030422669189941194
LIGHTGBM,horizon,8,96,0.11297209567824451,0.041520397468018895
LIGHTGBM,horizon,9,96,0.19508057036562623,-0.14348548430055702
LIGHTGBM,horizon,10,96,0.12648751648524237,-0.002695008048795675
LIGHTGBM,horizon,11,96,0.09768776896089582,-0.03085074287853931
LIGHTGBM,horizon,12,96,0.14786867706748485,0.048010237022241595
MOVING_AVERAGE_3,horizon,1,96,0.14037830819327535,-0.013536236536464586
MOVING_AVERAGE_3,horizon,2,96,0.1653148923663717,-0.004118287614526972
MOVING_AVERAGE_3,horizon,3,96,0.16077947621529975,-0.07438429007654399
MOVING_AVERAGE_3,horizon,4,96,0.0999752896945291,0.029077655460237366
MOVING_AVERAGE_3,horizon,5,96,0.2592388382604875,-0.1616496939717001
MOVING_AVERAGE_3,horizon,6,96,0.1900127570194377,-0.07568775456192973
MOVING_AVERAGE_3,horizon,7,96,0.24090994548726588,-0.1884687952558619
MOVING_AVERAGE_3,horizon,8,96,0.20049517962319027,-0.057450110991898624
MOVING_AVERAGE_3,horizon,9,96,0.33269272175259884,-0.28366866905964333
MOVING_AVERAGE_3,horizon,10,96,0.10986905776488563,-0.09642722166494189
MOVING_AVERAGE_3,horizon,11,96,0.14352399285640302,-0.13016096361614604
MOVING_AVERAGE_3,horizon,12,96,0.14549760946235743,0.06403967809393472
SEASONAL_NAIVE,horizon,1,96,0.1707490967492814,0.020697451175964585
SEASONAL_NAIVE,horizon,2,96,0.18051385768155287,-0.030914145669540746
SEASONAL_NAIVE,horizon,3,96,0.15965483824036697,-0.109745624165507
SEASONAL_NAIVE,horizon,4,96,0.1480449478103992,-0.09068465458042015
SEASONAL_NAIVE,horizon,5,96,0.2399278376894613,-0.09452760610257002
SEASONAL_NAIVE,horizon,6,96,0.13524093882536764,0.009130858439247807
SEASONAL_NAIVE,horizon,7,96,0.2672427670548259,-0.13056225304112773
SEASONAL_NAIVE,horizon,8,96,0.11638752083957667,-0.0051097138305725535
SEASONAL_NAIVE,horizon,9,96,0.3246314828133057,-0.17697647500106023
SEASONAL_NAIVE,horizon,10,96,0.14706864469588116,-0.021052262935802715
SEASONAL_NAIVE,horizon,11,96,0.11879908396951856,-0.07489023784889752
SEASONAL_NAIVE,horizon,12,96,0.12901991163980764,0.012080516071143044
CONV1D_ATTENTION_GLOBAL,material_type,packaging_material,384,0.15213363451795586,0.024438712009133626
CONV1D_ATTENTION_GLOBAL,material_type,product,192,0.16502382140421792,0.047028076987793974
CONV1D_ATTENTION_GLOBAL,material_type,raw_material,576,0.1714362828076693,0.07547990645193682
CROSTON_SBA,material_type,packaging_material,384,0.18369594587822147,0.09100170014166604
CROSTON_SBA,material_type,product,192,0.21523546318317746,0.11783595301149385
CROSTON_SBA,material_type,raw_material,576,0.2060747575443864,0.13775361716442833
ETS_A_N_A,material_type,packaging_material,384,0.1509570504561692,-0.014897220107896094
ETS_A_N_A,material_type,product,192,0.18341027070950744,0.00937860865259596
ETS_A_N_A,material_type,raw_material,576,0.19376007225880842,0.0869426793335372
EXTRA_TREES,material_type,packaging_material,384,0.12361398829834798,-0.03193679629796898
EXTRA_TREES,material_type,product,192,0.12662283981765263,0.008098407918707758
EXTRA_TREES,material_type,raw_material,576,0.14600752283981397,0.024053630801974847
EXTRA_TREES_DAMPED_TREND,material_type,packaging_material,384,0.13527590295691536,-0.028629369315188908
EXTRA_TREES_DAMPED_TREND,material_type,product,192,0.15653047893316446,-0.002166199060089251
EXTRA_TREES_DAMPED_TREND,material_type,raw_material,576,0.15568339411643814,0.03631545829487249
EXTRA_TREES_RESPONSIVE,material_type,packaging_material,384,0.12523717111658864,-0.0312206091347597
EXTRA_TREES_RESPONSIVE,material_type,product,192,0.1292580320429098,0.016938830443363848
EXTRA_TREES_RESPONSIVE,material_type,raw_material,576,0.1498497766995598,0.027047486836085342
LIGHTGBM,material_type,packaging_material,384,0.13695447032046484,-0.01589361306455653
LIGHTGBM,material_type,product,192,0.133200816210744,0.020427830337956306
LIGHTGBM,material_type,raw_material,576,0.1462347540542903,0.013545917635884811
MOVING_AVERAGE_3,material_type,packaging_material,384,0.16743291842189903,-0.0844856555589335
MOVING_AVERAGE_3,material_type,product,192,0.21850723274455686,-0.05547369495807236
MOVING_AVERAGE_3,material_type,raw_material,576,0.1783131764099553,-0.02103783009767685
SEASONAL_NAIVE,material_type,packaging_material,384,0.16356694324872753,-0.06490511734426524
SEASONAL_NAIVE,material_type,product,192,0.21044743960702186,-0.029709456535035043
SEASONAL_NAIVE,material_type,raw_material,576,0.18695863838444934,-0.0034171698047112224
CONV1D_ATTENTION_GLOBAL,demand_band,Q1,230,14.893035381578928,-14.61986804325304
CONV1D_ATTENTION_GLOBAL,demand_band,Q2,230,0.19037880912895822,-0.0008830030345333278
CONV1D_ATTENTION_GLOBAL,demand_band,Q3,232,0.1530333448932446,0.003922695731868463
CONV1D_ATTENTION_GLOBAL,demand_band,Q4,229,0.1704498126019177,0.02025230012955217
CONV1D_ATTENTION_GLOBAL,demand_band,Q5,231,0.12099841197164023,0.06739439355142159
CROSTON_SBA,demand_band,Q1,231,14.007122718214301,-13.682073935920705
CROSTON_SBA,demand_band,Q2,230,0.21546328501315984,0.0865106906031874
CROSTON_SBA,demand_band,Q3,230,0.2047890631264679,0.07399491564923127
CROSTON_SBA,demand_band,Q4,231,0.2109809761542648,0.07494454651797562
CROSTON_SBA,demand_band,Q5,230,0.15599896234387414,0.13592754539613236
ETS_A_N_A,demand_band,Q1,231,15.430359526564589,-15.198303850063253
ETS_A_N_A,demand_band,Q2,230,0.22306577929217516,-0.010784448119618942
ETS_A_N_A,demand_band,Q3,230,0.18423280450755464,-0.02512264696805172
ETS_A_N_A,demand_band,Q4,231,0.19371140736853112,-0.01817949314174961
ETS_A_N_A,demand_band,Q5,230,0.11690630729653259,0.032907756633181524
EXTRA_TREES,demand_band,Q1,230,17.065508686662895,-16.8551221540754
EXTRA_TREES,demand_band,Q2,231,0.17655522362302362,-0.033218033599298806
EXTRA_TREES,demand_band,Q3,230,0.13533737086583125,-0.020812197838904232
EXTRA_TREES,demand_band,Q4,231,0.13040328154295447,-0.029024066074526195
EXTRA_TREES,demand_band,Q5,230,0.08757824026930347,0.01698189103796964
EXTRA_TREES_DAMPED_TREND,demand_band,Q1,230,17.02399906449913,-16.79569660106063
EXTRA_TREES_DAMPED_TREND,demand_band,Q2,231,0.17598010125471109,-0.0329382287209314
EXTRA_TREES_DAMPED_TREND,demand_band,Q3,230,0.17070727455621781,-0.0414195305050728
EXTRA_TREES_DAMPED_TREND,demand_band,Q4,230,0.16650956302276074,-0.05719455893666074
EXTRA_TREES_DAMPED_TREND,demand_band,Q5,231,0.09695611663102606,0.026320345713317598
EXTRA_TREES_RESPONSIVE,demand_band,Q1,230,16.975291593085764,-16.759752913227338
EXTRA_TREES_RESPONSIVE,demand_band,Q2,231,0.17489391981235541,-0.031140613344950198
EXTRA_TREES_RESPONSIVE,demand_band,Q3,230,0.1377541212626245,-0.020379925942038867
EXTRA_TREES_RESPONSIVE,demand_band,Q4,230,0.12851804627005511,-0.01908452607942853
EXTRA_TREES_RESPONSIVE,demand_band,Q5,231,0.09080203783909607,0.017405983726098424
LIGHTGBM,demand_band,Q1,230,16.23540204498193,-15.999394872034308
LIGHTGBM,demand_band,Q2,230,0.1781095793456925,-0.034210676352141284
LIGHTGBM,demand_band,Q3,231,0.13568494365149467,-0.016934705372612133
LIGHTGBM,demand_band,Q4,230,0.13428492889774354,-0.0017116025263393302
LIGHTGBM,demand_band,Q5,231,0.10315162268154816,0.026146867387311624
MOVING_AVERAGE_3,demand_band,Q1,231,16.321405222412977,-16.08999485509869
MOVING_AVERAGE_3,demand_band,Q2,230,0.22074371648040447,-0.07361178109359014
MOVING_AVERAGE_3,demand_band,Q3,230,0.21487661769502814,-0.08731462112129976
MOVING_AVERAGE_3,demand_band,Q4,231,0.26290989276493143,-0.1251247707660805
MOVING_AVERAGE_3,demand_band,Q5,230,0.12016117282422872,-0.02761731441940731
SEASONAL_NAIVE,demand_band,Q1,231,16.43547522569417,-16.15540304627064
SEASONAL_NAIVE,demand_band,Q2,230,0.25818717908108213,-0.0637720501855884
SEASONAL_NAIVE,demand_band,Q3,231,0.2238564924220282,-0.050051271216949446
SEASONAL_NAIVE,demand_band,Q4,230,0.23150602218276473,-0.07917596315969476
SEASONAL_NAIVE,demand_band,Q5,230,0.12169999111789266,-0.013812095346363839
CONV1D_ATTENTION_GLOBAL,abc_class,A,348,0.16184007757353974,0.013805204721295988
CONV1D_ATTENTION_GLOBAL,abc_class,B,204,0.1547354213195863,0.06876011358181443
CONV1D_ATTENTION_GLOBAL,abc_class,C,408,0.13932850365044233,0.028718221977446227
CROSTON_SBA,abc_class,A,348,0.1807212734082521,0.0712332690302945
CROSTON_SBA,abc_class,B,204,0.2055645973082169,0.1349309147445371
CROSTON_SBA,abc_class,C,408,0.18143910420980913,0.109420302377027
ETS_A_N_A,abc_class,A,348,0.160312757936169,-0.03003280819075481
ETS_A_N_A,abc_class,B,204,0.16961159318317703,0.0680074701345342
ETS_A_N_A,abc_class,C,408,0.1351578317997458,-0.013168388772885942
EXTRA_TREES,abc_class,A,348,0.14341517934766204,-0.04703742203332256
EXTRA_TREES,abc_class,B,204,0.11585827158204443,0.013013469905393501
EXTRA_TREES,abc_class,C,408,0.10089542709498818,-0.019556433310345876
EXTRA_TREES_DAMPED_TREND,abc_class,A,348,0.1484378613123165,-0.03364139656843552
EXTRA_TREES_DAMPED_TREND,abc_class,B,204,0.11805285576901127,0.018849152751933277
EXTRA_TREES_DAMPED_TREND,abc_class,C,408,0.12828709402460461,-0.03206038317228648
EXTRA_TREES_RESPONSIVE,abc_class,A,348,0.14697041642984965,-0.04745965558725455
EXTRA_TREES_RESPONSIVE,abc_class,B,204,0.11677814807812713,0.01504465536338259
EXTRA_TREES_RESPONSIVE,abc_class,C,408,0.10027968407997333,-0.01719024672725544
LIGHTGBM,abc_class,A,348,0.16112240237171338,-0.047622648946745214
LIGHTGBM,abc_class,B,204,0.13186573051936298,0.02726658578187439
LIGHTGBM,abc_class,C,408,0.1025246821074254,0.018442816695194066
MOVING_AVERAGE_3,abc_class,A,348,0.1771696603129994,-0.09728702124794693
MOVING_AVERAGE_3,abc_class,B,204,0.14640548460710498,-0.03644968906093504
MOVING_AVERAGE_3,abc_class,C,408,0.16595769311532532,-0.07585826157808281
SEASONAL_NAIVE,abc_class,A,348,0.18280583774052644,-0.09061854977532137
SEASONAL_NAIVE,abc_class,B,204,0.16964853764646054,-0.004406865448893332
SEASONAL_NAIVE,abc_class,C,408,0.13418176955719324,-0.042686611696517544
CONV1D_ATTENTION_GLOBAL,fms_class,F,792,0.12953667528387136,0.05552637637324045
CONV1D_ATTENTION_GLOBAL,fms_class,M,60,0.20149014685671549,-0.015034833321226496
CONV1D_ATTENTION_GLOBAL,fms_class,S,108,0.26088251467254664,-0.102308892899246
CROSTON_SBA,fms_class,F,792,0.16046544228461945,0.12261685948743771
CROSTON_SBA,fms_class,M,60,0.23014244934894634,0.02824822596648793
CROSTON_SBA,fms_class,S,108,0.3000045194014093,-0.02448157602344683
ETS_A_N_A,fms_class,F,792,0.12667841262484278,0.01479220480167013
ETS_A_N_A,fms_class,M,60,0.21815549777056062,-0.047562240857448146
ETS_A_N_A,fms_class,S,108,0.26991418127492,-0.10990873898491114
EXTRA_TREES,fms_class,F,792,0.09478135827704262,0.0092625395505789
EXTRA_TREES,fms_class,M,60,0.19711177088219017,-0.11432594027395919
EXTRA_TREES,fms_class,S,108,0.2535405645144956,-0.18474473459639978
EXTRA_TREES_DAMPED_TREND,fms_class,F,792,0.10570893025731928,0.01718619690983178
EXTRA_TREES_DAMPED_TREND,fms_class,M,60,0.2128791272795321,-0.1249721004609222
EXTRA_TREES_DAMPED_TREND,fms_class,S,108,0.26547371160455907,-0.19365783301052933
EXTRA_TREES_RESPONSIVE,fms_class,F,792,0.0970090905476355,0.010152621907748495
EXTRA_TREES_RESPONSIVE,fms_class,M,60,0.1967915210593439,-0.11671995087329418
EXTRA_TREES_RESPONSIVE,fms_class,S,108,0.25423155399183706,-0.18154217848183538
LIGHTGBM,fms_class,F,792,0.10773150198491248,0.02281875470070938
LIGHTGBM,fms_class,M,60,0.19889857591895033,-0.07633189474607444
LIGHTGBM,fms_class,S,108,0.27018838681640883,-0.184658226946563
MOVING_AVERAGE_3,fms_class,F,792,0.1377169792803798,-0.05044010173267049
MOVING_AVERAGE_3,fms_class,M,60,0.26521090263326974,-0.19225959508540602
MOVING_AVERAGE_3,fms_class,S,108,0.2786484662552405,-0.17255745712093637
SEASONAL_NAIVE,fms_class,F,792,0.13835617054276061,-0.030651911552719867
SEASONAL_NAIVE,fms_class,M,60,0.22699608296409726,-0.11279279694503376
SEASONAL_NAIVE,fms_class,S,108,0.27990436809702696,-0.19845892862570383
CONV1D_ATTENTION_GLOBAL,promotion_flag,False,876,0.16269936536667176,0.005429459833862089
CONV1D_ATTENTION_GLOBAL,promotion_flag,True,276,0.14031208714543927,0.09208308222545646
CROSTON_SBA,promotion_flag,False,876,0.20040333621738993,0.0833014441508725
CROSTON_SBA,promotion_flag,True,276,0.17074864206883283,0.13496741381744248
ETS_A_N_A,promotion_flag,False,876,0.17712608506689806,-0.021711721068136743
ETS_A_N_A,promotion_flag,True,276,0.12106522691370265,0.03592246101597991
EXTRA_TREES,promotion_flag,False,876,0.13416291853040269,-0.0320042373628312
EXTRA_TREES,promotion_flag,True,276,0.10595289411741443,0.005134652196616053
EXTRA_TREES_DAMPED_TREND,promotion_flag,False,876,0.15065810249059466,-0.03747547750229568
EXTRA_TREES_DAMPED_TREND,promotion_flag,True,276,0.11822265158006609,0.02117083431920512
EXTRA_TREES_RESPONSIVE,promotion_flag,False,876,0.1345347329409616,-0.02738267491719786
EXTRA_TREES_RESPONSIVE,promotion_flag,True,276,0.11149985398236226,0.002751670095751739
LIGHTGBM,promotion_flag,False,876,0.1428679634565581,-0.008939925924493839
LIGHTGBM,promotion_flag,True,276,0.1228664824496666,-0.0022485378956042263
MOVING_AVERAGE_3,promotion_flag,False,876,0.2016396954554441,-0.09519071765805359
MOVING_AVERAGE_3,promotion_flag,True,276,0.12540415106087272,-0.029089022992360162
SEASONAL_NAIVE,promotion_flag,False,876,0.19212907545635646,-0.07281833979555555
SEASONAL_NAIVE,promotion_flag,True,276,0.13398202529202474,-0.012164203330157308
CONV1D_ATTENTION_GLOBAL,shutdown_flag,False,1052,0.16000810666160095,0.04138628710319414
CONV1D_ATTENTION_GLOBAL,shutdown_flag,True,100,0.12366234606369714,-0.040999861259072276
CROSTON_SBA,shutdown_flag,False,1052,0.1955905472340766,0.11035312710532079
CROSTON_SBA,shutdown_flag,True,100,0.15834533238936377,0.012207426069555289
ETS_A_N_A,shutdown_flag,False,1052,0.15712095695026265,0.013917998460842384
ETS_A_N_A,shutdown_flag,True,100,0.18197161482894458,-0.14319353641273724
EXTRA_TREES,shutdown_flag,False,1052,0.13391302272777544,-0.022849011860614256
EXTRA_TREES,shutdown_flag,True,100,0.060677208775828335,-0.003522456846630066
EXTRA_TREES_DAMPED_TREND,shutdown_flag,False,1052,0.15211367742447912,-0.023001401673092656
EXTRA_TREES_DAMPED_TREND,shutdown_flag,True,100,0.05268555462296925,0.007368942693469064
EXTRA_TREES_RESPONSIVE,shutdown_flag,False,1052,0.13700197374550252,-0.020917279202460986
EXTRA_TREES_RESPONSIVE,shutdown_flag,True,100,0.05386991104546079,0.003176194082364489
LIGHTGBM,shutdown_flag,False,1052,0.1436734408368982,-0.014394684169241773
LIGHTGBM,shutdown_flag,True,100,0.08316509867086279,0.05113701694418468
MOVING_AVERAGE_3,shutdown_flag,False,1052,0.1790422968992781,-0.06576414550330982
MOVING_AVERAGE_3,shutdown_flag,True,100,0.1725979014439281,-0.1460590548585657
SEASONAL_NAIVE,shutdown_flag,False,1052,0.1683902789700823,-0.041634417119872404
SEASONAL_NAIVE,shutdown_flag,True,100,0.2202738991123583,-0.151842082667578
CONV1D_ATTENTION_GLOBAL,supplier_disruption_flag,False,1072,0.15113607166834822,0.048577861368289184
CONV1D_ATTENTION_GLOBAL,supplier_disruption_flag,True,80,0.21729966499382122,-0.1849169782087535
CROSTON_SBA,supplier_disruption_flag,False,1072,0.1898379713379441,0.11577621732413605
CROSTON_SBA,supplier_disruption_flag,True,80,0.21074098156049983,-0.11822261203728406
ETS_A_N_A,supplier_disruption_flag,False,1072,0.15140287659026425,0.01435198879061204
ETS_A_N_A,supplier_disruption_flag,True,80,0.27167842336787446,-0.24439634559255985
EXTRA_TREES,supplier_disruption_flag,False,1072,0.11543335884662165,-0.0027649228797448364
EXTRA_TREES,supplier_disruption_flag,True,80,0.25721700911663137,-0.2537754841523641
EXTRA_TREES_DAMPED_TREND,supplier_disruption_flag,False,1072,0.13216187817450936,-0.0022277976168745056
EXTRA_TREES_DAMPED_TREND,supplier_disruption_flag,True,80,0.2525021788896091,-0.24516326275126682
EXTRA_TREES_RESPONSIVE,supplier_disruption_flag,False,1072,0.11778638865917919,-0.0008067485451501223
EXTRA_TREES_RESPONSIVE,supplier_disruption_flag,True,80,0.25399210955452867,-0.24452296212287772
LIGHTGBM,supplier_disruption_flag,False,1072,0.1281260976293993,0.010400687175615871
LIGHTGBM,supplier_disruption_flag,True,80,0.24919120760036417,-0.23247889991422835
MOVING_AVERAGE_3,supplier_disruption_flag,False,1072,0.1707352284723418,-0.05990881195089185
MOVING_AVERAGE_3,supplier_disruption_flag,True,80,0.2770483313409537,-0.2712726374599182
SEASONAL_NAIVE,supplier_disruption_flag,False,1072,0.16474599545068433,-0.03591146579491573
SEASONAL_NAIVE,supplier_disruption_flag,True,80,0.29936615741192446,-0.2935189503575245
