Material Code,,Description,Supply Plan,,,,,Buffer days, future average ,lead time,lead time months,EX,variance (demand),Variance lead time demand,ROP,ROP in days,Buffer stock,,Maximum stock,Stacking quantity,MOQ,Difference,Order Delivery,Order Quantity,,Pallet requirement,Pallet requirement,,,Issuing,,,,,,
,,,Jul SP,Aug SP,Sep SP,Oct SP,Nov SP,,,,,,,,,,,Buffer Days,,,,,,,,,,,,,,,,,,
100036,Bags,CAUSTIC SODA," 116,865 "," 65,374 "," 83,044 "," 77,737 "," 69,302 ", 30 ," 88,715 ",30,1," 88,715.09 ",417860294.4,33524.2755," 122,239.37 ", 41.34 ,42109.76069, 14.24 ," 52,110 ",1000,10000," (78,715)", 3 ," 8,872 "," 1,128 ", ] ,#VALUE!,140.23,7307351.742,488,,,,,,
101054,Bags,CALCIUM CARBONATE ( GROUND )," 79,298 "," 73,708 "," 49,596 "," 57,645 "," 61,055 ", 30 ," 63,018 ",80,2.666666667," 168,048.12 ",146113461.1,32372.28299," 200,420.40 ", 95.41 ,40662.74571, 19.36 ," 72,172 ",1000,23000," (40,018)", 15 ," 31,509 "," (8,509)", 72.17 , 73 ,37.53,2708606.444,227,,,,,,
100098,Drum,SORBITOL," 79,524 "," 65,534 "," 51,795 "," 61,493 "," 58,204 ", 30 ," 66,273 ",90,3," 198,819.51 ",107454901.9,29445.40903," 228,264.92 ", 103.33 ,36986.30646, 16.74 ," 58,986 ",1080,22000," (44,273)", 10 ," 22,091 ", (91), 54.62 , 55 ,120.14,7086614.858,2158,,,Total Racking,1290,,1273+384
101293,Reel,FLUFF UNTREATED - GOLDEN ISLES G4881," 63,658 "," 24,718 "," 54,641 "," 45,126 "," 53,973 ", 30 ," 56,600 ",75,2.5," 141,498.94 ",218598692.9,38338.72208," 179,837.66 ", 95.32 ,48157.1753,," 76,457 ",1314,24000," (32,600)", 15 ," 28,300 "," (4,300)", 58.19 , 59 ,139.04,10630576.17,96,,,,,,
100108,Bags,TALCUM POWDER," 48,839 "," 17,584 "," 32,702 "," 38,951 "," 24,894 ", 30 ," 31,648 ",45,1.5," 47,472.53 ",147227436.3,24371.58938," 71,844.12 ", 68.10 ,30613.09398, 29.02 ," 40,613 ",1000,10000," (21,648)", 7 ," 7,385 "," 2,615 ", 40.61 , 41 ,45.5,1847895.776,276,,,,,,
100323,Drum,BC COLOGNE BULK - IMPORTED," 21,973 "," 19,397 "," 19,547 "," 21,822 "," 18,504 ", 30 ," 21,519 ",70,2.333333333," 50,211.81 ",2427023.805,3902.736757," 54,114.54 ", 75.44 ,4902.218121,," 26,422 ",800,16000," (5,519)", 30 ," 21,519 "," (5,519)", 33.03 , 34 ,319.54,8442746.295,144,,,1st Layer,297,,
100094,Bags,SILICA 165 THICKENING," 10,153 "," 9,819 "," 6,612 "," 7,833 "," 8,212 ", 30 ," 8,591 ",65,2.166666667," 18,612.87 ",2140267.509,3531.61968," 22,144.49 ", 77.33 ,4436.058867, 15.49 ," 13,676 ",400,9240, 649 , 30 ," 9,240 ", -   , 34.19 , 35 ,237.89,3253397.644,1321,,,,,,
101466,Reel,3D BUBBLE NON-WOVEN TOP SHEET 38GSM-90MM," 4,050 "," 1,647 "," 3,603 "," 2,791 "," 3,585 ", 30 ," 3,842 ",65,2.166666667," 8,324.16 ",898191.8198,2287.833667," 10,611.99 ", 82.86 ,2873.74229,," 6,716 ",150,1000," (2,842)", 30 ," 3,842 "," (2,842)", 44.77 , 45 ,1026.84,6895910.513,45,,,,,,
101580,Drum,SODIUM SILICATE," 35,518 "," 14,181 "," 21,851 "," 23,693 "," 19,548 ", 30 ," 22,958 ",30,1," 22,958.29 ",62045534.16,12918.11397," 35,876.41 ", 46.88 ,16226.41146,,#N/A,1200,6000," (16,958)",#N/A,#N/A,#N/A,#N/A, -   ,33,#N/A,57,,,,,,
100460,Drum,GALAXY LES 70," 23,338 "," 15,541 "," 15,079 "," 16,371 "," 14,569 ", 30 ," 17,874 ",60,2," 35,747.20 ",13074299.33,8386.254881," 44,133.46 ", 74.08 ,10533.9543,," 19,471 ",880,8140," (9,734)", 15 ," 8,937 ", (797), 22.13 , 23 ,223.51,4351908.556,1592,,,,,,
100039,Bags,EMAL 10 PHD  (  Galaxy 689 )," 4,467 "," 4,258 "," 2,810 "," 3,310 "," 3,480 ", 30 ," 3,767 ",60,2," 7,534.96 ",471613.8551,1592.76654," 9,127.73 ", 72.68 ,2000.670165, 15.93 ," 5,768 ",300,3000, (767), 30 ," 3,767 ", (767), 19.23 , 20 ,495.17,2856216.012,1472,,,,,,
101300,Reel,SOFT EDGE N/WOVEN HYD - AIR THROUGH 115m," 4,946 "," 1,898 "," 4,249 "," 3,492 "," 4,196 ", 30 ," 4,404 ",60,2," 8,808.09 ",1344025.842,2688.825731," 11,496.92 ", 78.32 ,3377.427442, 23.01 ," 7,781 ",360,3500, (904), 30 ," 4,404 ", (904), 21.62 , 22 ,680.81,5297704.229,96,,,,,,
100714,Drum,COCOMIDOPROPYL BETAINE," 12,163 "," 6,754 "," 8,207 "," 9,104 "," 7,302 ", 30 ," 9,547 ",60,2," 19,093.39 ",4534490.987,4938.819081," 24,032.21 ", 75.52 ,6203.638602, 19.49 ," 10,977 ",940,2350," (7,197)", 15 ," 4,773 "," (2,423)", 11.68 , 12 ,237,2601545.908,1495,,,Finished goods = 100,,,
101308,Reel,PE BACK SHEET 170mm - WHITE," 8,790 "," 3,366 "," 7,529 "," 6,188 "," 7,429 ", 30 ," 7,809 ",60,2," 15,618.15 ",4238224.455,4774.752034," 20,392.91 ", 78.34 ,5997.554384, 23.04 ," 13,807 ",750,5000," (2,809)", 30 ," 7,809 "," (2,809)", 18.41 , 19 ,530.6,7325798.392,103,,,,,,
100050,Drum,GLYCERINE," 10,867 "," 8,030 "," 8,712 "," 7,040 "," 7,415 ", 30 ," 10,316 ",30,1," 10,316.01 ",2284286.176,2478.672245," 12,794.68 ", 37.21 ,3113.454161, 9.05 ," 8,271 ",1120,3000," (7,316)", 15 ," 5,158 "," (2,158)", 7.39 , 8 ,249.9,2067037.711,4630,,,,,,
101413,Drum,BULK BC FRESH FLORAL COLOGNE - IMPORTED," 4,531 "," 4,345 "," 4,364 "," 6,807 "," 4,491 ", 30 ," 4,770 ",70,2.333333333," 11,129.41 ",1133610.449,2667.252684," 13,796.66 ", 86.78 ,3350.329591, 21.07 ," 5,735 ",800,2000," (2,770)", 15 ," 2,385 ", (385), 7.17 , 8 ,252.19,1446360.702,241,,,,,,
100403,Can,VIRGIN COCONUT OIL," 8,023 "," 3,232 "," 2,821 "," 3,396 "," 2,054 ", 30 ," 5,612 ",30,1," 5,612.34 ",5567146.54,3869.547433," 9,481.89 ", 50.68 ,4860.529092, 25.98 ," 5,796 ",672,500," (5,112)", 5 , 935 , (435), 8.62 , 9 ,728.8,4224065.822,576,,,,,,
101736,Drum,ECOSMOOTH SATIN," 2,505 ", 902 ," 1,677 "," 1,997 "," 1,277 ", 30 ," 1,623 ",90,3," 4,868.98 ",387185.8942,1767.519602," 6,636.50 ", 122.67 ,2220.177061, 41.04 ," 3,843 ",300,1000, (623), 30 ," 1,623 ", (623), 12.81 , 13 ,910,3497284.169,302,,,,,,
100110,Bags,TITANIUM DIOXIDE," 7,193 "," 4,887 "," 5,092 "," 5,031 "," 4,627 ", 30 ," 5,600 ",60,2," 11,199.22 ",1075292.158,2405.038789," 13,604.26 ", 72.89 ,3020.963357, 16.18 ," 8,021 ",1000,5000, (600), 15 ," 2,800 "," 2,200 ", 8.02 , 9 ,773.72,6205979.769,2679,,,,,,
101305,Reel,SOFT EDGE PE - WHITE OPAQUE 115mm (Only," 4,946 "," 1,898 "," 4,249 "," 3,492 "," 4,196 ", 30 ," 4,404 ",60,2," 8,808.09 ",1344025.842,2688.825731," 11,496.92 ", 78.32 ,3377.427442, 23.01 ," 7,781 ",750,2000," (2,404)", 30 ," 4,404 "," (2,404)", 10.38 , 11 ,531.49,4135774.769,78,,,,,,
101428,Reel,PREMIUM PE - PERFORATED 85mm TOP SHEET," 1,485 ", 541 ," 1,294 "," 1,152 "," 1,286 ", 30 ," 1,262 ",65,2.166666667," 2,733.46 ",130354.6697,871.5718515," 3,605.03 ", 85.73 ,1094.779277, 26.03 ," 2,356 ",216,500, (762), 30 ," 1,262 ", (762), 10.91 , 11 ,1369.69,3227501.82,41,,,,,,
100030,Bags,CORN STARCH," 1,057 "," 1,157 "," 4,259 "," 4,255 "," 4,255 ", 30 ," 1,134 ",35,1.166666667," 1,323.01 ",2976417.461,3056.076102," 4,379.09 ", 115.85 ,3838.729737, 101.55 ," 4,973 ",625,50," (1,084)", 30 ," 1,134 "," (1,084)", 7.96 , 8 ,96.04,477581.7252,265,,,,,,
100904,Box,HOT MELT ADHESIVE DMC 5228," 4,390 "," 1,692 "," 3,757 "," 3,097 "," 3,711 ", 30 ," 3,893 ",60,2," 7,786.07 ",1047484.136,2373.736857," 10,159.80 ", 78.29 ,2981.645076, 22.98 ," 6,875 ",700,2000," (1,893)", 30 ," 3,893 "," (1,893)", 9.82 , 10 ,508.37,3494880.431,58,,,,,,
101065,Drum,BC LUCKY DUCKY COL - BULK," 4,296 "," 3,756 "," 3,784 "," 3,756 "," 3,627 ", 30 ," 4,886 ",70,2.333333333," 11,400.61 ",67619.8059,651.4321683," 12,052.05 ", 74.00 ,818.2623577, 5.02 ," 4,818 ",800,4000, (886), 15 ," 4,000 ", -   , 6.02 , 7 ,302.6,1458006.189,209,,,,,,
101472,Reel,PRINTED PE POUCH 240mm - LIGHT PINK," 3,605 "," 1,442 "," 3,206 "," 2,462 "," 3,189 ", 30 ," 3,436 ",65,2.166666667," 7,445.34 ",729774.061,2062.215802," 9,507.55 ", 83.00 ,2590.344239, 22.61 ," 6,027 ",600,500," (2,936)", 30 ," 3,436 "," (2,936)", 10.04 , 11 ,637.93,3844583.717,52,,,,,,
101017,Bags,  Tinopal CBS X, 40 , 20 , 111 , 172 , 162 , 30 , 379 ,30,1, 379.20 ,4766.403518,113.2241975, 492.43 , 38.96 ,142.2206383,, 521 ,25,25, (354), 30 , 379 , (354), 20.86 , 21 ,4137.56,2157427.422,37,,,,,,
101302,Reel,AQL NON WOVEN WHITE 60mm - WHITE," 2,594 "," 1,002 "," 2,215 "," 1,829 "," 2,188 ", 30 ," 2,294 ",60,2," 4,588.82 ",363199.4931,1397.756314," 5,986.58 ", 78.28 ,1755.718297, 22.96 ," 4,050 ",480,1800, (494), 30 ," 2,294 ", (494), 8.44 , 9 ,518.57,2100275.022,77,,,,,,
101398,Drum,IMPORTED BULK - BC COL CUDDLY BUNNY," 4,141 "," 3,476 "," 3,524 "," 3,349 "," 3,283 ", 30 ," 4,885 ",70,2.333333333," 11,398.80 ",116689.4657,855.752283," 12,254.55 ", 75.26 ,1074.908355, 6.60 ," 3,075 ",800,2000," (2,885)", 15 ," 2,443 ", (443), 3.84 , 4 ,311.76,958633.4289,217,,,,,,
101389,Drum,IMPORTED BULK - BC FLORAL COL," 2,695 "," 2,771 "," 2,951 "," 2,903 "," 2,752 ", 30 , 307 ,70,2.333333333, 717.16 ,11615.97291,269.9976822, 987.15 , 96.35 ,339.14343, 33.10 , 493 ,800,1200, 893 , 15 , 154 ," 1,046 ", 0.62 , 1 ,326.3,160807.1301,149,,,,,,
101762,Drum,Pink Pleats," 3,056 ", 932 ," 1,778 "," 2,442 "," 1,319 ", 30 ," 1,649 ",75,2.5," 4,121.44 ",729480.7298,2214.729877," 6,336.17 ", 115.30 ,2781.916796, 50.62 ," 3,606 ",500,100," (1,549)", 15 , 824 , (724), 7.21 , 8 ,2589.19,9337149.047,127,,,,,,
100006,Drum,ALCOHOL," 3,299 "," 1,404 "," 1,985 "," 2,499 "," 1,856 ", 30 ," 2,204 ",85,2.833333333," 6,245.57 ",523800.5054,1997.908709," 8,243.48 ", 112.19 ,2509.568257, 34.15 ," 16,910 ",640,14400," 12,196 ", 90 ," 14,400 ", -   , 26.42 , 27 ,1275.57,21569337.98,435,,,,,,
101399,Drum,IMPORTED BULK - BC COL ANGEL FAIRY," 2,797 "," 2,470 "," 2,500 "," 2,226 "," 2,183 ", 30 ," 5,437 ",70,2.333333333," 12,686.87 ",60855.26908,617.9898387," 13,304.86 ", 73.41 ,776.2555291, 4.28 ," 2,776 ",800,2000," (3,437)", 15 ," 2,719 ", (719), 3.47 , 4 ,311.28,864192.8211,170,,,,,,
101471,Reel,PRINTED PE POUCH 240mm - LIGHT PURPLE," 2,485 ", 906 ," 2,165 "," 1,928 "," 2,153 ", 30 ," 2,112 ",65,2.166666667," 4,575.31 ",365211.0972,1458.854172," 6,034.17 ", 85.73 ,1832.463167, 26.03 ," 3,944 ",600,500," (1,612)", 30 ," 2,112 "," (1,612)", 6.57 , 7 ,637.96,2516206.884,41,,,,,,
100038,Drum,XIAMETER (R) MEM - 1785 EMULSION," 2,893 "," 2,089 "," 1,973 "," 1,963 "," 1,963 ", 30 ," 2,196 ",60,2," 4,392.07 ",163273.3021,937.1658053," 5,329.23 ", 72.80 ,1177.171682, 16.08 ," 2,275 ",800,200," (1,996)", 15 ," 1,098 ", (898), 2.84 , 3 ,963.47,2192075.511,793,,,,,,
100525,Drum,LUZI 187340," 1,372 "," 1,377 "," 1,299 "," 1,365 "," 1,200 ", 30 , 923 ,65,2.166666667," 1,999.12 ",5695.897141,182.1885033," 2,181.30 ", 70.92 ,228.8465346, 7.44 , 690 ,500,50, (873), 15 , 461 , (411), 1.38 , 2 ,4896.47,3379450.167,429,,,,,,
101374,Bags,CUTINA EGDS, 633 , 407 , 386 , 319 , 325 , 30 , 446 ,70,2.333333333," 1,041.77 ",16416.76257,320.9785415," 1,362.74 ", 91.57 ,403.1803631, 27.09 , 850 ,140,20, (426), 30 , 446 , (426), 6.07 , 7 ,1109.39,942594.5822,365,,,,,,
101390,Drum,IMPORTED BULK - BC BED TIME COL," 2,225 "," 2,326 "," 2,211 "," 2,045 "," 1,771 ", 30 ," 2,012 ",70,2.333333333," 4,694.40 ",47207.07004,544.2967784," 5,238.69 ", 78.12 ,683.6898558, 10.19 ," 1,690 ",800,1000," (1,012)", 15 ," 1,006 ", (6), 2.11 , 3 ,300.21,507244.3524,78,,,,,,
101429,Reel,PREMIUM PE PERFORATED 90mm TOP SHEET, 714 , 285 , 600 , 498 , 568 , 30 , 644 ,65,2.166666667," 1,394.92 ",25337.24912,384.2550906," 1,779.17 ", 82.91 ,482.6618821, 22.49 ," 1,126 ",192,500, (144), 30 , 644 , (144), 5.87 , 6 ,1393.62,1569872.235,29,,,,,,
101862,Drum,BULK BC HERBAL COLOGNE - IMPORTED," 2,125 "," 2,076 "," 2,109 "," 2,076 "," 2,134 ", 30 ," 3,807 ",70,2.333333333," 8,882.40 ",733.3196147,67.83891471," 8,950.24 ", 70.53 ,85.21229531, 0.67 ," 1,285 ",800,1200," (2,607)", 15 ," 1,903 ", (703), 1.61 , 2 ,217.46,279482.2657,111,,,,,,
100026,Bags,CETYL ALCOHOL," 1,446 "," 1,039 "," 1,336 "," 1,503 "," 1,025 ", 30 ," 1,809 ",60,2," 3,617.80 ",50777.85208,522.6320138," 4,140.44 ", 68.67 ,656.4767979, 10.89 ," 2,465 ",625,1000, (809), 30 ," 1,809 ", (809), 3.94 , 4 ,500,1232689.583,1596,,,,,,
100105,Bags,STEARIC ACID," 1,390 ", 983 ," 1,248 "," 1,448 ", 959 , 30 ," 1,250 ",30,1," 1,250.07 ",51224.38774,371.1780075," 1,621.25 ", 38.91 ,466.2357899, 11.19 ," 1,716 ",500,1000, (250), 30 ," 1,250 ", (250), 3.43 , 4 ,270,463401.8048,1412,,,,,,
100171,Drum,OPTAMINT 293250," 1,801 "," 1,657 "," 1,197 "," 1,387 "," 1,470 ", 30 ," 1,469 ",60,2," 2,938.92 ",55190.73609,544.8687985," 3,483.79 ", 71.12 ,684.4083689, 13.97 ," 1,419 ",720,25," (1,444)", 15 , 735 , (710), 1.97 , 2 ,6134.43,8705604.855,891,,,,,,
100835,Drum,SANDALWOOD CO 13490T," 1,174 ", 648 , 969 , 905 , 926 , 30 , 916 ,105,3.5," 3,206.09 ",35188.62149,575.5446179," 3,781.63 ", 123.85 ,722.9401908, 23.68 ," 1,639 ",450,50, (866), 30 , 916 , (866), 3.64 , 4 ,3075.93,5041342.907,74,,,,,,
100913,Bags,SAP SA 60 N  TYPE II," 3,030 "," 1,168 "," 2,579 "," 2,130 "," 2,545 ", 30 ," 2,674 ",45,1.5," 4,010.95 ",495022.6652,1413.194764," 5,424.15 ", 60.86 ,1775.110496, 19.92 ," 4,449 ",1000,2000, (674), 30 ," 2,674 ", (674), 4.45 , 5 ,386.82,1720992.433,26,,,,,,
100018,Drum,BRIQUEST ADPA," 2,725 "," 1,534 "," 1,994 "," 1,900 "," 1,598 ", 30 ," 2,008 ",60,2," 4,015.33 ",225639.4975,1101.707758," 5,117.04 ", 76.46 ,1383.852428, 20.68 ," 3,392 ",1000,1000," (1,008)", 30 ," 2,008 "," (1,008)", 3.39 , 4 ,410.34,1391675.884,181,,,,,,
100043,Bags,EMPILAN GMS SE 40(CAFLOAN)," 1,365 "," 1,002 "," 1,326 "," 1,411 "," 1,030 ", 30 ," 1,241 ",75,2.5," 3,102.51 ",38068.7693,505.9391315," 3,608.45 ", 87.23 ,635.5089091, 15.36 ," 1,636 ",625,1000, (241), 15 , 621 , 379 , 2.62 , 3 ,743.28,1215641.062,1125,,,,,,
100093,Drum,SILICON," 1,451 "," 1,038 "," 1,353 "," 1,527 "," 1,045 ", 30 ," 1,297 ",30,1," 1,296.97 ",52426.03979,375.5064269," 1,672.48 ", 38.69 ,471.6727069, 10.91 ," 1,769 ",800,1000, (297), 30 ," 1,297 ", (297), 2.21 , 3 ,1010.77,1787695.976,1379,,,,,,
100097,Bags,S.M.F.P.," 1,862 "," 1,727 "," 1,173 "," 1,364 "," 1,445 ", 30 ," 1,484 ",75,2.5," 3,710.25 ",77503.88496,721.8975845," 4,432.14 ", 89.59 ,906.7737951, 18.33 ," 1,649 ",1000,25," (1,459)", 15 , 742 , (717), 1.65 , 2 ,992.72,1636819.774,946,,,,,,
101295,Reel,RELEASE PAPER WINGS 65mm - WHITE," 1,275 ", 489 ," 1,094 ", 899 ," 1,080 ", 30 ," 1,134 ",60,2," 2,268.05 ",89278.44968,692.9982948," 2,961.05 ", 78.33 ,870.4734678, 23.03 ," 1,870 ",540,1000, (134), 30 ," 1,000 ", -   , 3.46 , 4 ,469.2,877626.1511,43,,,,,,
101468,Reel,NEW RL.PAPER PRNTD. CENTER 50mm - PINK," 2,087 ", 848 ," 1,857 "," 1,438 "," 1,847 ", 30 ," 1,980 ",65,2.166666667," 4,289.09 ",238461.8706,1178.825094," 5,467.92 ", 82.86 ,1480.719325, 22.44 ," 3,460 ",900,500," (1,480)", 30 ," 1,980 "," (1,480)", 3.84 , 4 ,504.89,1747070.914,39,,,,,,
101470,Reel,PRINTED PE POUCH 290mm - SEA GREEN," 1,214 ", 484 ," 1,020 ", 846 , 965 , 30 ," 1,094 ",65,2.166666667," 2,371.36 ",73224.64995,653.233654," 3,024.60 ", 82.91 ,820.5251996, 22.49 ," 1,915 ",600,500, (594), 30 ," 1,094 ", (594), 3.19 , 4 ,804.59,1540790.138,23,,,,,,
101488,Drum,ROSE & CARE MOD 434031 ( R )," 2,190 "," 1,757 "," 1,335 ", 881 , 881 , 30 ," 2,918 ",50,1.666666667," 4,863.78 ",323638.7126,1204.476845," 6,068.26 ", 62.38 ,1512.940427, 15.55 ," 2,972 ",800,200," (2,718)", 15 ," 1,459 "," (1,259)", 3.72 , 4 ,1562.55,4644014.12,#N/A,,,,,,
101496,Bags,DHARIYAL CMC - IG 3040," 1,230 "," 1,142 ", 772 , 898 , 951 , 30 , 979 ,60,2," 1,958.00 ",34420.027,430.2931666," 2,388.29 ", 73.19 ,540.4901971, 16.56 ," 1,540 ",625,1000, 21 , 30 ," 1,000 ", -   , 2.46 , 3 ,810.11,1247966.514,951,,,,,,
101517,Bags,ABBRASIVE SILICA ( ZEODENT 113 )," 1,841 "," 2,194 "," 1,307 "," 1,702 "," 1,702 ", 30 ," 1,991 ",60,2," 3,982.84 ",101716.7062,739.6989292," 4,722.54 ", 71.14 ,929.1340208, 14.00 ," 2,921 ",1000,1500, (491), 30 ," 1,991 ", (491), 2.92 , 3 ,197.52,576868.3223,371,,,,,,
101637,Drum,PINK PLUM IMP 4 EAE 36544/00," 1,277 "," 1,015 ", 833 , 576 , 769 , 30 ," 1,032 ",75,2.5," 2,579.36 ",70428.62523,688.1584672," 3,267.52 ", 95.01 ,864.3941723, 25.13 ," 1,380 ",500,100, (932), 15 , 516 , (416), 2.76 , 3 ,2807.79,3875498.892,94,,,,,,
100035,Bags,CLIMBAZOLE, 296 , 252 , 221 , 258 , 232 , 30 , 250 ,60,2, 500.86 ,829.5694817,66.80134846, 567.66 , 68.00 ,83.90901087, 10.05 , 334 ,200,100, (150), 30 , 250 , (150), 1.67 , 2 ,4231.81,1414855.145,1016,,,,,,
100044,Drum,EMANON PCSA," 1,073 ", 890 , 765 , 844 , 844 , 30 ," 1,406 ",60,2," 2,812.93 ",13316.11212,267.6378716," 3,080.57 ", 65.71 ,336.1792777, 7.17 ," 1,743 ",600,120," (1,286)", 30 ," 1,406 "," (1,286)", 2.90 , 3 ,545,949742.0812,769,,,,,,
100069,Drum,METHYL PARABEN, 291 , 217 , 219 , 240 , 193 , 30 , 754 ,60,2," 1,508.86 ",1379.967706,86.15754338," 1,595.02 ", 63.43 ,108.2222801, 4.30 , 485 ,225,100, (654), 15 , 377 , (277), 2.16 , 3 ,1193.27,579257.5556,2957,,,,,,
100118,Bags,TRILON BD ( DISODIUM EDTA )," 1,158 ", 684 , 840 , 798 , 690 , 30 ," 1,379 ",30,1," 1,379.37 ",37456.21095,317.3991572," 1,696.77 ", 36.90 ,398.6843072, 8.67 ," 1,778 ",625,800, (579), 30 ," 1,379 ", (579), 2.84 , 3 ,805.68,1432543.115,2068,,,,,,
100119,Bags,TRI SODIUM ORTHOPHOSPHATE, 989 , 918 , 625 , 724 , 767 , 30 , 789 ,75,2.5," 1,972.60 ",21712.08656,382.0890865," 2,354.69 ", 89.53 ,479.9411696, 18.25 ," 1,480 ",625,1000, 211 , 30 ," 1,000 ", -   , 2.37 , 3 ,433.34,641317.7064,943,,,,,,
100201,Bags,POLYETHELYENE GLYCOL ( PEG 1500 ), 701 , 836 , 498 , 648 , 648 , 30 , 759 ,60,2," 1,517.09 ",14758.24644,281.7579799," 1,798.85 ", 71.14 ,353.9155114, 14.00 ," 1,112 ",500,250, (509), 30 , 759 , (509), 2.22 , 3 ,419.12,466253.9867,372,,,,,,
100903,Bags,HOT MELT ADHESIVE DMC 5227," 1,875 ", 723 ," 1,605 "," 1,323 "," 1,585 ", 30 ," 1,663 ",60,2," 3,325.06 ",190962.7169,1013.521902," 4,338.58 ", 78.29 ,1273.08239, 22.97 ," 2,936 ",1000,1000, (663), 30 ," 1,663 ", (663), 2.94 , 3 ,668.59,1962720.669,46,,,,,,
101273,Drum,FIXATE FREE STYLE POLYMER," 1,017 ", 957 ," 1,517 ", 474 , 894 , 30 ," 1,028 ",65,2.166666667," 2,227.70 ",138128.168,897.1829773," 3,124.88 ", 91.18 ,1126.94935, 32.88 ," 2,215 ",868,1088.5, 60 , 30 ," 1,089 ", -   , 2.55 , 3 ,2219.98,4918253.247,352,,,,,,
101409,Drum,CITRUS SKY ( SRILEX 1886 ), 943 , 329 , 453 , 453 , 453 , 30 , 721 ,75,2.5," 1,802.69 ",57112.84875,619.6989551," 2,422.39 ", 100.78 ,778.4023461, 32.39 ," 1,139 ",500,100, (621), 15 , 361 , (261), 2.28 , 3 ,2096.26,2387514.73,48,,,,,,
101463,Bags,TRIPOTASSIUM CITRATE G 2040," 1,071 "," 1,002 ", 644 , 749 , 793 , 30 , 837 ,65,2.166666667," 1,813.95 ",31850.40374,430.8215014," 2,244.77 ", 80.44 ,541.1538372, 19.39 ," 1,378 ",625,25, (812), 30 , 837 , (812), 2.21 , 3 ,517.82,713743.6483,941,,,,,,
101467,Reel,NEW RL.PAPER PRNTD. CENTER 50mm - PURPLE," 1,399 ", 510 ," 1,219 "," 1,085 "," 1,211 ", 30 ," 1,188 ",65,2.166666667," 2,575.08 ",115686.7979,821.0730532," 3,396.15 ", 85.73 ,1031.34786, 26.03 ," 2,220 ",900,500, (688), 30 ," 1,188 ", (688), 2.47 , 3 ,509.85,1131788.399,37,,,,,,
101489,Drum,FLOWER POWER MOD 434033 (J)," 1,606 "," 1,156 ", 936 , 619 , 619 , 30 ," 1,944 ",50,1.666666667," 3,239.46 ",171248.5481,876.1564691," 4,115.62 ", 63.52 ,1100.538004, 16.99 ," 2,072 ",800,200," (1,744)", 15 , 972 , (772), 2.59 , 3 ,1563.75,3240678.455,#N/A,,,,,,
101623,Drum,SUNFLOWER SMILE 1MP 2," 1,380 ", 378 , 728 ," 1,164 ", 527 , 30 , 738 ,50,1.666666667," 1,230.77 ",180303.1667,899.0211316," 2,129.79 ", 86.52 ,1129.258251, 45.88 ," 1,498 ",800,200, (538), 15 , 369 , (169), 1.87 , 2 ,1983.89,2972839.137,39,,,,,,
101625,Drum,WINDING PATH," 1,127 ", 786 , 741 , 712 , 594 , 30 ," 1,452 ",75,2.5," 3,630.80 ",40196.52521,519.8859832," 4,150.69 ", 85.74 ,653.0275155, 13.49 ," 1,379 ",720,100," (1,352)", 15 , 726 , (626), 1.92 , 2 ,1557.2,2147671.877,#N/A,,,,,,
101763,Drum,LUXURY CREME," 1,617 ", 462 ," 1,086 "," 1,249 ", 646 , 30 ," 1,225 ",60,2," 2,450.31 ",216128.4855,1078.23854," 3,528.55 ", 86.40 ,1354.3728, 33.16 ," 1,967 ",720,100," (1,125)", 15 , 613 , (513), 2.73 , 3 ,2140.35,4209961.866,73,,,,,,
101859,Drum,BULK GOLD BLACK JEANS - IMPORTED," 1,163 ", 616 , 773 ," 1,348 ", 773 , 30 , 916 ,70,2.333333333," 2,137.35 ",94265.01552,769.1437447," 2,906.49 ", 95.19 ,966.1195818, 31.64 ," 1,424 ",800,400, (516), 15 , 458 , (58), 1.78 , 2 ,611.07,870238.98,6,,,,,,
100010,Box,ALLANTOIN B.P, 51 , 35 , 43 , 36 , 34 , 30 , 42 ,90,3, 125.71 ,52.83678165,20.64774622, 146.36 , 104.78 ,25.93558366, 18.57 , 126 ,75,100, 58 , 30 , 100 , -   , 1.68 , 2 ,3856.93,485724.7307,886,,,,,,
100080,Drum,PROTACHEM SMS, 166 , 98 , 134 , 187 , 69 , 30 , 154 ,90,3, 462.33 ,2348.11905,137.6462967, 599.98 , 116.79 ,172.8971775, 33.66 , 327 ,181.44,90.7185, (63), 30 , 154 , (63), 1.80 , 2 ,1894.13,619395.4828,460,,,,,,
100099,Bags,SODIUM BENZOATE, 317 , 277 , 234 , 252 , 261 , 30 , 352 ,35,1.166666667, 410.23 ,979.4139297,55.43708436, 465.67 , 39.73 ,69.63438646, 5.94 , 421 ,375,100, (252), 30 , 352 , (252), 1.12 , 2 ,300,126377.565,1232,,,,,,
100100,Drum,SODIUM SACHCHARIN, 452 , 427 , 288 , 337 , 355 , 30 , 374 ,75,2.5, 934.91 ,4497.835552,173.9064296," 1,108.82 ", 88.95 ,218.443442, 17.52 , 405 ,450,25, (349), 15 , 187 , (162), 0.90 , 1 ,1759.22,713232.7479,1671,,,,,,
100198,Drum,LANELGINE, 495 , 393 , 448 , 405 , 362 , 30 , 452 ,60,2, 903.64 ,2671.801422,119.8839197," 1,023.52 ", 67.96 ,150.5858992, 10.00 , 651 ,450,500, 48 , 30 , 500 , -   , 1.45 , 2 ,2210.52,1438133.142,1332,,,,,,
100713,Bags,MAGNESIUM SULPHATE, 500 , 180 , 335 , 399 , 255 , 30 , 324 ,30,1, 324.05 ,15436.99063,203.7629259, 527.82 , 48.86 ,255.9461143, 23.69 , 580 ,500,300, (24), 30 , 324 , (24), 1.16 , 2 ,48.25,27984.95072,163,,,,,,
101015,Drum,UVTEX POWDER (Optical brightener), 61 , 28 , 38 , 38 , 38 , 30 , 57 ,30,1, 57.27 ,146.5716856,19.85495418, 77.13 , 40.40 ,24.93975952, 13.06 , 82 ,75,25, (32), 30 , 57 , (32), 1.10 , 2 ,402.29,33073.97607,35,,,,,,
101091,Drum,BENZYL ALCOHOL, 592 , 553 , 381 , 439 , 464 , 30 , 479 ,60,2, 958.79 ,7347.936376,198.8115172," 1,157.60 ", 72.44 ,249.7266618, 15.63 , 729 ,800,420, (59), 30 , 479 , (59), 0.91 , 1 ,869.94,634293.0624,974,,,,,,
101282,Drum,POLYOX WSR 301, 61 , 22 , 41 , 48 , 31 , 30 , 39 ,90,3, 118.29 ,228.334432,42.9230109, 161.21 , 122.66 ,53.91548931, 41.02 , 117 ,63,63.5, 24 , 30 , 64 , -   , 1.86 , 2 ,6999.87,821893.1611,277,,,,,,
101298,Reel,POUCH TAPE 30mm, 235 , 91 , 205 , 169 , 204 , 30 , 212 ,60,2, 423.82 ,3051.911417,128.1282244, 551.95 , 78.14 ,160.9415502, 22.78 , 373 ,300,150, (62), 30 , 212 , (62), 1.24 , 2 ,1849.66,689648.2726,34,,,,,,
101370,Drum,CLASSIC FRESH 3 ( SRILEX 1879 ), 21 , 17 , 17 , 17 , 17 , 30 , 21 ,75,2.5, 53.44 ,4.154174689,5.285136763, 58.73 , 82.42 ,6.638647398, 9.32 , 32 ,25,25, 4 , 15 , 25 , -   , 1.27 , 2 ,3246.3,102708.541,18,,,,,,
101376,Drum,RITA IPM ( ISOPROPYL MIRISTATE NF ), 387 , 235 , 372 , 455 , 147 , 30 , 389 ,90,3," 1,167.55 ",15604.81015,354.8409392," 1,522.39 ", 117.35 ,445.7148382, 34.36 , 835 ,600,175, (214), 30 , 389 , (214), 1.39 , 2 ,1903.84,1589512.295,317,,,,,,
101380,Can,COVABSORB DS, 379 , 328 , 193 , 316 , 127 , 30 , 300 ,90,3, 898.93 ,10908.22744,296.6754212," 1,195.60 ", 119.70 ,372.653273, 37.31 , 672 ,300,100, (200), 30 , 300 , (200), 2.24 , 3 ,13207.97,8879661.944,1030,,,,,,
101453,Drum,SPRING ORCHID PSX11978 AW, 644 , 340 , 642 , 502 , 485 , 30 , 505 ,60,2," 1,009.02 ",16043.13942,293.7673494," 1,302.79 ", 77.47 ,369.0004511, 21.94 , 621 ,800,200, (305), 15 , 252 , (52), 0.78 , 1 ,2296.65,1426806.788,31,,,,,,
101469,Reel,NEW RELEASE PAPER PRINTED 50mm - GREEN, 516 , 181 , 425 , 333 , 396 , 30 , 368 ,65,2.166666667, 797.02 ,15519.48294,300.7312247," 1,097.75 ", 89.53 ,377.7477579, 30.81 , 878 ,600,500, 132 , 30 , 500 , -   , 1.46 , 2 ,512.09,449485.8493,10,,,,,,
101515,Bags,SHANDONG CMC, 120 , 144 , 86 , 112 , 112 , 30 , 131 ,60,2, 261.67 ,438.9320284,48.59118405, 310.26 , 71.14 ,61.03526777, 14.00 , 261 ,200,200, 69 , 30 , 200 , -   , 1.31 , 2 ,867.18,226364.5635,368,,,,,,
101605,Drum,SRILEX 1904, 47 , 29 , 37 , 37 , 32 , 30 , 36 ,75,2.5, 89.28 ,51.68691917,18.64250103, 107.92 , 90.66 ,23.41680007, 19.67 , 48 ,50,25, (11), 15 , 18 , 7 , 0.97 , 1 ,4093.62,198199.9811,309,,,,,,
101825,Bottles,SWEET ALMOND OIL, 3 , 3 , 3 , 2 , 2 , 30 , 3 ,60,2, 5.49 ,0.216994108,1.080395625, 6.57 , 71.81 ,1.35708231, 14.83 , 3 ,5,0.5, (2), 15 , 1 , (1), 0.55 , 1 ,16852.32,45999.35552,104,,,,,,
101832,Box,CARBOMER 980, 205 , 147 , 137 , 137 , 137 , 30 , 154 ,65,2.166666667, 333.15 ,872.0930846,71.28880263, 404.44 , 78.91 ,89.54569111, 17.47 , 243 ,200,100, (54), 30 , 154 , (54), 1.22 , 2 ,3445.98,838434.5595,776,,,,,,
101841,Box,JAGUAR C 13 S, 174 , 125 , 118 , 117 , 117 , 30 , 132 ,60,2, 263.87 ,593.0450864,56.48104221, 320.35 , 72.84 ,70.94569936, 16.13 , 203 ,200,25, (107), 30 , 132 , (107), 1.01 , 2 ,7860,1594646.777,804,,,,,,
100448,Drum,PARIS 009 (  Srilex 1718 ), 19 , 8 , 31 , 31 , 31 , 30 , 34 ,75,2.5, 84.69 ,109.1160481,27.08682904, 111.78 , 98.99 ,34.02369989, 30.13 , 59 ,225,25, (9), 15 , 25 , -   , 0.26 , 1 ,5398.95,318666.0045,91,,,,,,
100005,Drum,ETHYL ALCOHOL ( Undenatured ), 357 , 172 , 195 , 187 , 187 , 30 ," 1,455 ",85,2.833333333," 4,121.92 ",5981.531992,213.500501," 4,335.42 ", 89.40 ,268.1774586, 5.53 ," 1,868 ",500,1600, 145 , 90 ," 1,600 ", -   , 3.74 , 4 ,1355.79,2532856.317,148,,,,,,
100012,Box,AMPHISOL, 142 , 105 , 140 , 146 , 108 , 30 , 130 ,60,2, 260.09 ,392.6098376,45.95570518, 306.04 , 70.60 ,57.72484919, 13.32 , 238 ,400,180, 50 , 30 , 180 , -   , 0.59 , 1 ,4824.61,1146929.685,1092,,,,,,
100016,Bucket,F.D.& C BLUE 1, 1 , 1 , 0 , 0 , 0 , 30 , 1 ,60,2, 1.08 ,0.018859666,0.318512031, 1.39 , 77.76 ,0.400082185, 22.31 , 2 ,4,2, 1 , 30 , 2 , -   , 0.60 , 1 ,54660.95,131190.7723,166,,,,,,
100019,Drum,BHT, 308 , 119 , 70 , 114 , 47 , 30 , 212 ,60,2, 423.21 ,10642.38594,239.2645449, 662.48 , 93.92 ,300.5396112, 42.61 , 512 ,300,25, (187), 30 , 212 , (187), 1.71 , 2 ,3051.19,1562652.748,1087,,,,,,
100028,Bags,CITRIC ACID, 44 , 40 , 30 , 34 , 34 , 30 , 562 ,30,1, 562.34 ,30.82961991,9.106006024, 571.45 , 30.49 ,11.43803196, 0.61 , 574 ,500,25, (537), 30 , 562 , (537), 1.15 , 2 ,220,126232.207,451,,,,,,
100031,Can,COPPER CHLOROPHYLL LIQUID, 75 , 16 , 12 , 16 , 8 , 30 , 50 ,65,2.166666667, 108.49 ,787.1997552,67.73020252, 176.22 , 105.58 ,85.07574219, 50.97 , 135 ,225,20, (30), 30 , 50 , (30), 0.60 , 1 ,10462.91,1414038.286,422,,,,,,
100033,Drum,CREMOPHOR RH 40, 293 , 182 , 210 , 237 , 204 , 30 , 201 ,70,2.333333333, 468.67 ,1835.483829,107.3266372, 576.00 , 86.03 ,134.8127272, 20.14 , 336 ,540,120, (81), 30 , 201 , (81), 0.62 , 1 ,1557.46,522793.9444,735,,,,,,
100046,Drum,FRESCOLAT ML, 3 , 1 , 2 , 2 , 1 , 30 , 10 ,60,2, 20.79 ,0.397587809,1.46243097, 22.26 , 64.22 ,1.836955975, 5.30 , 17 ,225,15, 5 , 30 , 15 , -   , 0.07 , 1 ,11222.51,188952.9068,215,,,,,,
100066,Drum,MENTHOL, 91 , 67 , 67 , 71 , 71 , 30 , 73 ,30,1, 73.45 ,99.02845706,16.32013903, 89.77 , 36.67 ,20.49968684, 8.37 , 94 ,440,5, (68), 30 , 73 , (68), 0.21 , 1 ,7193.7,675822.9989,295,,,,,,
100071,Drum,MULSIFAN RT, 12 , 13 , 13 , 15 , 13 , 30 , 15 ,90,3, 45.52 ,1.702116667,3.705946433, 49.23 , 97.33 ,4.655030275, 9.20 , 130 ,500,125, 110 , 30 , 125 , -   , 0.26 , 1 ,1335.57,173163.3688,79,,,,,,
100072,Bags,MICROCRYSTALLINE WAX, 76 , 73 , 71 , 71 , 71 , 30 , 70 ,60,2, 140.58 ,5.175221581,5.276225159, 145.85 , 62.25 ,6.627453554, 2.83 , 207 ,250,200, 130 , 30 , 200 , -   , 0.83 , 1 ,1213.55,250752.7463,224,,,,,,
100078,Can,POTASSIUM HYDROXIDE, 3 , 4 , 4 , 4 , 4 , 30 , 5 ,65,2.166666667, 10.07 ,0.129896563,0.870039015, 10.94 , 70.61 ,1.092853885, 7.05 , 51 ,225,50, 45 , 30 , 50 , -   , 0.23 , 1 ,3258.3,166475.8458,58,,,,,,
100084,Drum,PROPYL PARABEN, 185 , 132 , 132 , 150 , 114 , 30 , 665 ,60,2," 1,330.98 ",716.3086264,62.07388632," 1,393.05 ", 62.80 ,77.97085721, 3.51 , 743 ,450,100, (565), 30 , 665 , (565), 1.65 , 2 ,1373.4,1021069.073,2817,,,,,,
100085,Bucket,F.D.& C RED NO 04, 0 , 0 , 0 , 0 , 0 , 30 , 3 ,60,2, 6.94 ,0.001871305,0.100330064, 7.04 , 60.87 ,0.126024349, 1.09 , 2 ,4,2, (1), 30 , 2 , -   , 0.53 , 1 ,81181.12,172593.0378,108,,,,,,
100086,Bucket,F D & C RED NO 33, 0 , 0 , 0 , 0 , 0 , 30 , 8 ,60,2, 16.84 ,0.002751109,0.121650179, 16.96 , 60.43 ,0.152804493, 0.54 , 2 ,2,2, (6), 30 , 2 , -   , 1.08 , 2 ,49224.68,105971.1123,113,,,,,,
100090,Can,SALCARE 91, 51 , 51 , 50 , 50 , 50 , 30 , 50 ,70,2.333333333, 117.13 ,0.641604026,2.006622977, 119.14 , 71.20 ,2.520514227, 1.51 , 53 ,300,25, (25), 30 , 50 , (25), 0.18 , 1 ,3632.79,191517.7472,307,,,,,,
100109,Can,TRI ETHANOL AMINE, 114 , 62 , 78 , 125 , 39 , 30 , 85 ,90,3, 256.45 ,1293.194964,102.1495547, 358.60 , 125.85 ,128.3098065, 45.03 , 228 ,300,100, 15 , 30 , 100 , -   , 0.76 , 1 ,1294.67,295585.8572,220,,,,,,
100117,Bags,THIMOL, 1 , 1 , 1 , 1 , 1 , 30 , 5 ,30,1, 4.99 ,0.067156068,0.424997602, 5.42 , 32.55 ,0.533838451, 3.21 , 5 ,225,4, (1), 30 , 4 , -   , 0.02 , 1 ,3152.38,14292.38166,148,,,,,,
100120,Can,TWEEN 20, 41 , 41 , 46 , 36 , 40 , 30 , 54 ,60,2, 107.57 ,13.41133349,8.493659111, 116.06 , 64.74 ,10.66886449, 5.95 , 61 ,225,50, (4), 30 , 50 , -   , 0.27 , 1 ,1937.9,117570.1925,258,,,,,,
100125,Can,LAVANYA ZUNI DISPERSION, 168 , 72 , 104 , 123 , 85 , 30 , 104 ,60,2, 207.84 ,1409.761379,87.08265275, 294.92 , 85.14 ,109.3843077, 31.58 , 259 ,300,150, 46 , 30 , 150 , -   , 0.86 , 1 ,5259.53,1364239.548,81,,,,,,
100127,Drum,PURI COLOR YELLOW PYE 1-L, 183 , 83 , 132 , 150 , 118 , 30 , 125 ,60,2, 250.11 ,1366.711647,85.74272733, 335.86 , 80.57 ,107.7012307, 25.84 , 233 ,300,30, (95), 30 , 125 , (95), 0.78 , 1 ,5783.71,1346201.315,98,,,,,,
100128,Can,VITAMINE E, 6 , 6 , 6 , 5 , 6 , 30 , 6 ,60,2, 12.29 ,0.223383106,1.096185387, 13.38 , 65.35 ,1.376915791, 6.72 , 8 ,225,5, (1), 30 , 6 , (1), 0.03 , 1 ,10999.99,82716.07196,776,,,,,,
100130,Box,WHITE BEES WAX, 48 , 47 , 45 , 45 , 45 , 30 , 45 ,90,3, 135.96 ,1.229810882,3.150094926, 139.11 , 92.09 ,3.956826553, 2.62 , 49 ,500,25, (20), 30 , 45 , (20), 0.10 , 1 ,3402.38,167658.1544,303,,,,,,
100132,Bucket,F.D.& C YELLOW 5, 2 , 1 , 1 , 1 , 1 , 30 , 1 ,60,2, 2.56 ,0.040544847,0.467010535, 3.03 , 70.93 ,0.586610794, 13.73 , 3 ,4,2, 1 , 30 , 2 , -   , 0.65 , 1 ,51932.03,134327.9494,235,,,,,,
100134,Bags,ZINC OXIDE, 214 , 236 , 225 , 224 , 224 , 30 , 233 ,30,1, 233.16 ,60.70447152,12.77774419, 245.94 , 31.64 ,16.05009331, 2.07 , 249 ,500,100, (133), 30 , 233 , (133), 0.50 , 1 ,992,247221.3638,187,,,,,,
100140,Drum,CAN CAN, 33 , 7 , 13 , 13 , 13 , 30 , 15 ,60,2, 30.53 ,97.73594204,22.92904663, 53.46 , 105.06 ,28.80111955, 56.60 , 54 ,225,25, 10 , 15 , 25 , -   , 0.24 , 1 ,11834.93,636732.4838,71,,,,,,
100143,Drum,CIEN 85318, 17 , 6 , 7 , 7 , 7 , 30 , 9 ,50,1.666666667, 14.20 ,20.43125097,9.57008295, 23.77 , 83.69 ,12.02095785, 42.32 , 37 ,225,25, 16 , 30 , 25 , -   , 0.16 , 1 ,7244.92,268213.878,47,,,,,,
100147,Drum,ETERNAL ESS.OIL, 4 , 4 , 4 , 4 , 4 , 30 , 4 ,60,2, 8.89 ,0.022215285,0.345688385, 9.24 , 62.33 ,0.434218338, 2.93 , 25 ,225,25, 21 , 30 , 25 , -   , 0.11 , 1 ,18313.02,465777.3491,99,,,,,,
100149,Drum,GIVEX 18763, 62 , 49 , 67 , 77 , 51 , 30 , 61 ,75,2.5, 153.42 ,134.1847824,30.0376177, 183.46 , 89.68 ,37.73017833, 18.44 , 68 ,225,25, (36), 15 , 31 , (6), 0.30 , 1 ,7705.47,527165.353,638,,,,,,
100151,Drum,GIVEX 22324, 2 , 48 , 48 , 48 , 48 , 30 , 54 ,75,2.5, 134.25 ,432.45,53.92396313, 188.17 , 105.13 ,67.73375857, 37.84 , 118 ,225,50, (4), 15 , 50 , -   , 0.52 , 1 ,4114.64,484432.0324,73,,,,,,
100152,Drum,GIVEX 23541, 14 , 14 , 14 , 14 , 14 , 30 , 14 ,75,2.5, 35.23 ,0.055871269,0.612926106, 35.85 , 76.30 ,0.769894986, 1.64 , 26 ,225,25, 11 , 15 , 25 , -   , 0.11 , 1 ,7336.55,189062.1231,399,,,,,,
100158,Drum,JASMINE ESS.OIL, 31 , 6 , 14 , 14 , 14 , 30 , 17 ,60,2, 34.58 ,82.98994211,21.12864162, 55.71 , 96.66 ,26.5396352, 46.04 , 52 ,500,25, 8 , 30 , 25 , -   , 0.10 , 1 ,17997.1,927563.9687,63,,,,,,
100160,Drum,JF G 1039042, 14 , 12 , 12 , 12 , 12 , 30 , 13 ,70,2.333333333, 29.91 ,0.604390393,1.947560766, 31.86 , 74.56 ,2.446326328, 5.73 , 27 ,225,25, 12 , 30 , 25 , -   , 0.12 , 1 ,10373.95,284726.817,50,,,,,,
100162,Drum,LABRADOR 175504, 22 , 11 , 15 , 19 , 15 , 30 , 15 ,50,1.666666667, 25.54 ,18.61970571,9.135969249, 34.68 , 67.88 ,11.47566869, 22.46 , 36 ,225,25, 10 , 30 , 25 , -   , 0.16 , 1 ,7355.36,268291.6745,57,,,,,,
100165,Drum,LITTLE JOHN, 32 , 35 , 35 , 35 , 35 , 30 , 35 ,60,2, 69.26 ,1.375626725,2.720252062, 71.98 , 62.36 ,3.41690198, 2.96 , 28 ,225,25, (10), 15 , 17 , 8 , 0.13 , 1 ,5524.18,156980.0816,109,,,,,,
100178,Can,RAINBOW D, 6 , 7 , 7 , 7 , 7 , 30 , 7 ,60,2, 13.91 ,0.01978205,0.326207914, 14.24 , 61.41 ,0.409748966, 1.77 , 25 ,225,25, 18 , 15 , 25 , -   , 0.11 , 1 ,5633.9,143155.9847,27,,,,,,
100183,Drum,SANDLE WOOD CO 13490B, 7 , -   , 14 , 14 , 14 , 30 , 16 ,105,3.5, 54.66 ,39.55484758,19.29646375, 73.95 , 142.07 ,24.23824105, 46.57 , 49 ,50,25, 9 , 30 , 25 , -   , 0.98 , 1 ,3296.23,162300.5673,58,,,,,,
100202,Can,PARC F, 17 , 10 , 12 , 16 , 12 , 30 , 12 ,60,2, 24.59 ,10.01286827,7.339020437, 31.93 , 77.90 ,9.218525671, 22.49 , 34 ,225,25, 13 , 15 , 25 , -   , 0.15 , 1 ,9648.41,330154.3653,56,,,,,,
100304,Bags,SAVENDRA ROOTS, 0 , 0 , 0 , 0 , 0 , 30 , 0 ,45,1.5, 0.01 ,8.05355E-07,0.001802532, 0.01 , 57.55 ,0.002264157, 15.77 , 750 ,200,750, 750 , 15 , 750 , -   , 3.75 , 4 ,630,472501.4264,2,,,,,,
100346,Bags,WHITE SANDLEWOOD, 0 , 0 , 0 , 0 , 0 , 30 , 0 ,15,0.5, 0.00 ,3.22142E-06,0.002081385, 0.01 , 22.25 ,0.002614423, 9.10 , 0 ,2,0.2, 0 , 15 , 0 , -   , 0.10 , 1 ,1100,222.8758651,2,,,,,,
101581,Drum,NEO HELIOPAN BB, 23 , 25 , 12 , 16 , 16 , 30 , 534 ,60,2," 1,067.42 ",32.12676982,13.14596213," 1,080.57 ", 60.74 ,16.51261096, 0.93 , 42 ,300,25, (509),#N/A,, 25 , 0.14 , 1 ,3408.35,141489.5076,4,,,,,,
100473,Drum,GALAXY 111, 377 , 421 , 100 , 195 , 195 , 30 , 779 ,60,2," 1,558.25 ",18472.84365,315.2286798," 1,873.48 ", 72.14 ,395.9579758, 15.25 ," 1,175 ",900,220, (559), 30 , 779 , (559), 1.31 , 2 ,665.73,782287.7928,190,,,,,,
100483,Bottles,CETRIMIDE B.P, 0 , 0 , 0 , 0 , 0 , 30 , 0 ,30,1, 0.18 ,0.000782612,0.045879333, 0.22 , 37.77 ,0.057628918, 9.75 , 2 ,225,2, 2 , 30 , 2 , -   , 0.01 , 1 ,2227.11,4582.56594,21,,,,,,
100503,Drum,BLACK NIGHT 290686, 7 , 6 , 6 , 6 , 6 , 30 , 6 ,50,1.666666667, 9.55 ,0.217967563,0.988471512, 10.54 , 55.18 ,1.241616655, 6.50 , 26 ,225,25, 19 , 30 , 25 , -   , 0.12 , 1 ,8252.84,216567.8636,124,,,,,,
100527,Drum,CARBOPOL AQUA SF - 1, 202 , 176 , 176 , 176 , 176 , 30 , 261 ,65,2.166666667, 564.58 ,142.9248624,28.85983145, 593.44 , 68.32 ,36.2507639, 4.17 , 253 ,868,217, (44), 30 , 217 , -   , 0.29 , 1 ,1200.39,303999.6845,144,,,,,,
100535,Drum,GY COL BULK - IMPORTED (  LOVE AFFAIR  ), 146 , 147 , 140 , 140 , 140 , 30 , 148 ,70,2.333333333, 344.72 ,13.70818884,9.275178578, 354.00 , 71.88 ,11.65052919, 2.37 , 412 ,800,400, 252 , 15 , 400 , -   , 0.51 , 1 ,557.08,229322.2768,#N/A,,,,,,
100536,Drum,GY COL BULK - IMPTED ( MISCHIEF MAKER  ), 64 , 62 , 57 , 57 , 57 , 30 , 59 ,70,2.333333333, 136.69 ,10.58333542,8.149735633, 144.84 , 74.17 ,10.23686305, 5.24 , 210 ,800,200, 141 , 15 , 200 , -   , 0.26 , 1 ,556.81,117061.9877,#N/A,,,,,,
100537,Drum,GY COL BULK - IMPORTED ( SECRET CRUSH ), 140 , 147 , 140 , 140 , 140 , 30 , 143 ,70,2.333333333, 333.47 ,10.14644886,7.979749829, 341.45 , 71.68 ,10.0233443, 2.10 , 410 ,800,400, 257 , 15 , 400 , -   , 0.51 , 1 ,713.53,292563.9569,#N/A,,,,,,
100594,Drum,SOMERSET CARE 30 CR (  Srilex 1730  ), 4 , 4 , 8 , 2 , 4 , 30 , 13 ,75,2.5, 32.81 ,5.54323683,6.105139183, 38.92 , 88.95 ,7.668650437, 17.53 , 33 ,225,25, 12 , 15 , 25 , -   , 0.15 , 1 ,3104.1,101406.7578,35,,,,,,
100840,Drum,MALE INSTINCT, 31 , 11 , 18 , 37 , 18 , 30 , 23 ,50,1.666666667, 37.94 ,111.1945457,22.3259509, 60.26 , 79.42 ,28.04357248, 36.96 , 53 ,225,25, 2 , 30 , 25 , -   , 0.24 , 1 ,8424.89,446886.2633,44,,,,,,
101582,Bags,LAURIC ACID, 338 , 293 , 293 , 293 , 293 , 30 , 434 ,35,1.166666667, 506.90 ,397.8770486,35.33390904, 542.23 , 37.44 ,44.38283697, 3.06 , 544 ,1000,500, 66 ,#N/A,, 500 , 0.54 , 1 ,265,144261.4518,#N/A,,,,,,
100873,Drum,MONO PROPOLYNE GLYCOL, 145 , 124 , 169 , 142 , 135 , 30 , 161 ,35,1.166666667, 187.30 ,281.5339522,29.72231492, 217.02 , 40.55 ,37.33412728, 6.98 , 252 ,860,215, 54 , 30 , 215 , -   , 0.29 , 1 ,371.46,93732.03492,213,,,,,,
100874,Can,KINGSTON IND 694592, 84 , 61 , 69 , 91 , 69 , 30 , 74 ,60,2, 148.62 ,149.1189118,28.32208415, 176.94 , 71.43 ,35.57530082, 14.36 , 73 ,300,25, (49), 15 , 37 , (12), 0.24 , 1 ,5207.95,378771.4291,105,,,,,,
100894,Drum,SRILEX 1798, 37 , 35 , 7 , 14 , 14 , 30 , 537 ,75,2.5," 1,341.78 ",177.1953103,34.51755012," 1,376.30 ", 76.93 ,43.35741052, 2.42 , 68 ,225,25, (512), 15 , 25 , -   , 0.30 , 1 ,2642.82,180656.3317,106,,,,,,
100986,Drum,OPTAMINT FSM 380616, 164 , 168 , 39 , 51 , 53 , 30 , 97 ,60,2, 193.09 ,4273.927239,151.6255566, 344.72 , 107.11 ,190.4564918, 59.18 , 370 ,720,180, 83 , 15 , 180 , -   , 0.51 , 1 ,5761.88,2134525.851,54,,,,,,
101016,Box,INDUCOS 14/3 BLUE, 26 , 12 , 16 , 16 , 16 , 30 , 25 ,60,2, 49.09 ,26.92133,12.03391949, 61.13 , 74.71 ,15.11577692, 18.47 , 35 ,40,20, (5), 30 , 20 , -   , 0.88 , 1 ,5196.99,182496.3415,56,,,,,,
101028,Drum,Srilex 1815, 6 , 8 , 2 , 5 , 5 , 30 , 5 ,75,2.5, 12.87 ,5.18896097,5.906824321, 18.77 , 109.43 ,7.419547623, 43.25 , 32 ,225,25, 20 , 15 , 25 , -   , 0.14 , 1 ,4106.68,133136.7078,49,,,,,,
101043,Can,AJIDEW NL - 50, 14 , 15 , 26 , 10 , 16 , 30 , 19 ,90,3, 56.17 ,34.36527185,16.65192198, 72.82 , 116.68 ,20.91643858, 33.51 , 121 ,300,100, 81 , 30 , 100 , -   , 0.40 , 1 ,2522.19,304974.2322,45,,,,,,
101073,Drum,FABRICA 362781, 9 , 13 , 15 , 14 , 14 , 30 , 13 ,60,2, 25.13 ,5.921063299,5.643632137, 30.77 , 73.48 ,7.088952562, 16.93 , 207 ,800,200, 187 , 30 , 200 , -   , 0.26 , 1 ,4036.69,835953.9039,#N/A,,,,,,
101083,Bags,CMC POLYMER, 14 , 21 , 24 , 22 , 22 , 30 , 20 ,30,1, 20.37 ,15.57036368,6.471325224, 26.85 , 39.53 ,8.12861583, 11.97 , 208 ,200,200, 180 , 30 , 200 , -   , 1.04 , 2 ,333.49,69408.81209,#N/A,,,,,,
101085,Bags,TINOPAL DMA - X, 2 , 3 , 3 , 3 , 3 , 30 , 3 ,30,1, 2.55 ,0.243286932,0.808915653, 3.36 , 39.53 ,1.016076979, 11.97 , 21 ,50,20, 17 , 30 , 20 , -   , 0.42 , 1 ,1024.81,21537.48585,#N/A,,,,,,
101163,Drum,GERMALL 115, 72 , 55 , 52 , 50 , 43 , 30 , 570 ,90,3," 1,711.17 ",114.9926878,30.46067957," 1,741.63 ", 91.60 ,38.26158531, 2.01 , 138 ,300,100, (470), 30 , 100 , -   , 0.46 , 1 ,4742.33,655682.0639,1753,,,,,,
101203,Box,ULTREZ 20, 3 , 3 , 6 , 2 , 3 , 30 , 8 ,65,2.166666667, 17.60 ,2.772513283,4.01954335, 21.62 , 79.85 ,5.048938598, 18.65 , 25 ,200,20, 12 , 30 , 20 , -   , 0.13 , 1 ,6588.25,165028.6697,77,,,,,,
101204,Drum,OLIVAM 1000, 10 , 10 , 10 , 21 , 2 , 30 , 11 ,60,2, 22.27 ,47.7147633,16.02083814, 38.29 , 103.17 ,20.12373571, 54.23 , 40 ,225,20, 9 , 30 , 20 , -   , 0.18 , 1 ,8600.48,345083.3865,63,,,,,,
101207,Bucket,"PETROLAN, ULTRA WHITE, USP", 47 , 21 , 34 , 50 , 10 , 30 , 43 ,90,3, 127.68 ,289.3140142,48.31580402, 175.99 , 124.06 ,60.68936359, 42.78 , 103 ,225,18.1, (24), 30 , 43 , (24), 0.46 , 1 ,1974.34,203848.5599,172,,,,,,
101208,Can,SHEBU - WS, 0 , 0 , 0 , 0 , 0 , 30 , 0 ,60,2, 0.49 ,0.011065827,0.243978062, 0.73 , 90.05 ,0.306460249, 37.74 , 5 ,2,5, 5 , 30 , 5 , -   , 2.65 , 3 ,14089.51,74765.42474,66,,,,,,
101211,Box,L-ARGININE, 1 , 1 , 0 , 1 , 1 , 30 , 1 ,65,2.166666667, 1.18 ,0.002872088,0.129371538, 1.31 , 72.12 ,0.162503273, 8.94 , 20 ,25,20, 19 , 30 , 20 , -   , 0.81 , 1 ,5998.37,120942.1548,163,,,,,,
101216,Drum,UVINUL MC 80, 104 , 19 , 44 , 84 , 9 , 30 , 50 ,70,2.333333333, 116.73 ,1671.290859,102.4137479, 219.15 , 131.41 ,128.6416589, 77.14 , 329 ,800,200, 150 , 30 , 200 , -   , 0.41 , 1 ,2507.08,823930.9302,79,,,,,,
101223,Drum,INNOVATION AR 285118, 7 , 5 , 5 , 5 , 5 , 30 , 6 ,60,2, 11.75 ,0.611265634,1.813317429, 13.57 , 69.26 ,2.2777036, 11.63 , 27 ,225,25, 19 , 30 , 25 , -   , 0.12 , 1 ,58786.88,1603571.088,47,,,,,,
101234,Bottles,UNILACTAMIN L-17, 7 , 6 , 7 , 5 , 5 , 30 , 7 ,80,2.666666667, 17.58 ,0.763238832,2.339690671, 19.92 , 90.64 ,2.938879745, 13.37 , 10 ,225,3, (4), 30 , 7 , (4), 0.04 , 1 ,28223.32,269051.253,764,,,,,,
101235,Bags,METHOCEL 40 - 0202, 108 , 46 , 64 , 62 , 63 , 30 , 89 ,120,4, 357.20 ,529.964684,75.50875483, 432.71 , 145.37 ,94.84636278, 31.86 , 344 ,498.96,249.5, 160 , 30 , 250 , -   , 0.69 , 1 ,4176.21,1438062.724,144,,,,,,
101264,Drum,DOW CORNING 244, 17 , 21 , 40 , 9 , 21 , 30 , 63 ,60,2, 126.00 ,127.7161766,26.21089195, 152.21 , 72.48 ,32.92343745, 15.68 , 228 ,800,195, 132 , 30 , 195 , -   , 0.28 , 1 ,2339.33,533188.1349,33,,,,,,
101265,Bottles,ROSE WATER, 0 , 0 , 0 , 0 , 0 , 30 , 0 ,15,0.5, 0.09 ,0.000135558,0.013501797, 0.10 , 17.32 ,0.016959574, 2.91 , 0 ,4,0.2, 0 , 15 , 0 , -   , 0.05 , 1 ,800,173.5676592,45,,,,,,
101267,Drum,WATER LILLY, 0 , 0 , 0 , 0 , 0 , 30 , 0 ,15,0.5, 0.02 ,9.53421E-05,0.011323252, 0.03 , 23.20 ,0.014223109, 10.30 , 0 ,2,0.2, 0 , 15 , 0 , -   , 0.11 , 1 ,250,53.55577729,4,,,,,,
101271,Drum,COSMENYL GREEN GG ( C.I. NO:P.G.7 ), 26 , 16 , 23 , 21 , 21 , 30 , 14 ,60,2, 28.44 ,11.57174732,7.889660524, 36.33 , 76.65 ,9.910183342, 20.91 , 40 ,300,30, 16 , 30 , 30 , -   , 0.13 , 1 ,4578.04,182710.4157,71,,,,,,
101274,Box,ULTREZ 21, 124 , 116 , 186 , 56 , 108 , 30 , 125 ,70,2.333333333, 291.44 ,2148.065674,116.1063622, 407.55 , 97.89 ,145.8409184, 35.03 , 286 ,250,140, 15 , 30 , 140 , -   , 1.14 , 2 ,5610.21,1603627.579,349,,,,,,
101275,Bottles,HYDROLYZED WHEAT PROTEIN, 0 , 0 , 0 , 0 , 0 , 30 , 0 ,80,2.666666667, 1.10 ,0.001957974,0.11850363, 1.22 , 88.63 ,0.148852121, 10.84 , 18 ,225,18, 18 , 30 , 18 , -   , 0.08 , 1 ,7743.79,140540.8996,24,,,,,,
101276,Drum,BEN # 4, 30 , 25 , 32 , 25 , 28 , 30 , 40 ,65,2.166666667, 86.87 ,9.496714472,7.439206075, 94.31 , 70.57 ,9.344368607, 6.99 , 49 ,225,25, (15), 30 , 40 , (15), 0.22 , 1 ,5570,275375.0974,595,,,,,,
101277,Drum,AMP No:  95, 248 , 233 , 372 , 112 , 217 , 30 , 250 ,90,3, 750.89 ,8586.514493,263.2163903," 1,014.10 ", 121.55 ,330.6254659, 39.63 , 581 ,800,190.5, (60), 30 , 250 , (60), 0.73 , 1 ,1800.61,1046012.889,354,,,,,,
101278,Drum,FIELD OF DAISIES 956773, 1 , 2 , 2 , 2 , 2 , 30 , 2 ,60,2, 3.26 ,0.012158533,0.255740453, 3.51 , 64.71 ,0.321234959, 5.92 , 25 ,225,25, 23 , 30 , 25 , -   , 0.11 , 1 ,7050.26,178521.29,29,,,,,,
101279,Drum,CIEN 85318, 1 , 1 , 1 , 1 , 1 , 30 , 1 ,60,2, 2.60 ,0.017756469,0.309055982, 2.91 , 67.13 ,0.388204465, 8.95 , 25 ,225,25, 24 , 15 , 25 , -   , 0.11 , 1 ,6912.75,175502.3104,24,,,,,,
101280,Bottles,FRENCH APPLE 884412, 1 , 1 , 1 , 1 , 1 , 30 , 1 ,60,2, 2.85 ,0.015282095,0.286714921, 3.14 , 66.03 ,0.360141913, 7.58 , 10 ,225,10, 9 , 15 , 10 , -   , 0.05 , 1 ,5233.23,54217.00546,26,,,,,,
101281,Drum,NOVETHIX L -  10, 50 , 63 , 63 , 63 , 63 , 30 , 75 ,65,2.166666667, 162.54 ,33.81005461,14.03662945, 176.58 , 70.61 ,17.63137601, 7.05 , 235 ,800,217.7, 143 , 30 , 218 , -   , 0.29 , 1 ,1656.49,389824.071,30,,,,,,
101283,Drum,GLUCOPON 600 CSUP, 422 , 330 , 335 , 330 , 330 , 30 , 425 ,45,1.5, 637.99 ,1644.40589,81.45054403, 719.44 , 50.75 ,102.3098297, 7.22 , 528 ,800,320, (105), 30 , 425 , (105), 0.66 , 1 ,572.65,302149.8777,20,,,,,,
101285,Drum,RHEOVIS AT 120, 176 , 138 , 140 , 138 , 138 , 30 , 177 ,45,1.5, 265.88 ,285.606722,33.94483406, 299.83 , 50.75 ,42.63802327, 7.22 , 220 ,600,120, (57), 30 , 177 , (57), 0.37 , 1 ,1256.96,276397.6305,16,,,,,,
101286,Drum,COSMENYL VIOLET RL, 12 , 7 , 12 , 10 , 9 , 30 , 10 ,60,2, 19.44 ,5.916126876,5.641279083, 25.08 , 77.41 ,7.085996897, 21.87 , 37 ,225,30, 20 , 30 , 30 , -   , 0.16 , 1 ,12497.68,463488.9217,54,,,,,,
101287,Drum,UCON LB 1145, 9 , 3 , 8 , 16 , 2 , 30 , 9 ,90,3, 28.10 ,32.60944379,16.22094572, 44.32 , 141.96 ,20.37509035, 65.27 , 225 ,800,205.03, 196 , 30 , 205 , -   , 0.28 , 1 ,2817.52,635083.3502,70,,,,,,
101288,Drum,ACUSOL OP 301, 28 , 22 , 22 , 22 , 22 , 30 , 29 ,65,2.166666667, 61.76 ,7.385199447,6.560259416, 68.32 , 71.90 ,8.240325852, 8.67 , 223 ,800,215, 186 , 30 , 215 , -   , 0.28 , 1 ,2848.32,635859.8849,13,,,,,,
101299,Reel,SOFT EDGE N/WOVEN HYD - AIR THROUGH 60mm, 77 , 37 , 53 , 53 , 53 , 30 , 53 ,60,2, 106.16 ,209.1320987,33.54047384, 139.70 , 78.96 ,42.13010738, 23.81 , 542 ,540,500, 447 , 15 , 500 , -   , 1.00 , 2 ,716.62,388501.2776,7,,,,,,
101304,Reel,SOFT EDGE PE - WHITE OPAQUE 60mm, 77 , 37 , 53 , 53 , 53 , 30 , 53 ,60,2, 106.16 ,209.1320987,33.54047384, 139.70 , 78.96 ,42.13010738, 23.81 , 542 ,600,500, 447 , 15 , 500 , -   , 0.90 , 1 ,641.33,347684.3018,11,,,,,,
101307,Reel,PE BACK SHEET 120mm - WHITE, 178 , 85 , 121 , 121 , 121 , 30 , 122 ,60,2, 244.59 ,1110.188419,77.2782346, 321.86 , 78.96 ,97.06900199, 23.81 , 597 ,460,500, 378 , 30 , 500 , -   , 1.30 , 2 ,526.81,314541.9209,14,,,,,,
101345,Reel,RL. PAPER PRNTD CENTRE 50mm - LIGHT BLUE, 124 , 59 , 85 , 85 , 85 , 30 , 85 ,60,2, 170.70 ,540.7847575,53.93504768, 224.64 , 78.96 ,67.74768184, 23.81 , 568 ,600,500, 415 , 30 , 500 , -   , 0.95 , 1 ,875.9,497290.1945,10,,,,,,
101346,Reel,PE POUCH 240mm - LIGHT BLUE, 220 , 105 , 150 , 150 , 150 , 30 , 152 ,60,2, 303.30 ,1707.200806,95.82992526, 399.13 , 78.96 ,120.3717354, 23.81 , 620 ,750,500, 348 , 30 , 500 , -   , 0.83 , 1 ,561.89,348580.6744,#N/A,,,,,,
101359,Reel,POUCH TAPE 30mm - LIGHT GREEN, 39 , 16 , 33 , 27 , 31 , 30 , 35 ,60,2, 70.23 ,75.38355109,20.13710997, 90.37 , 77.20 ,25.29417472, 21.61 , 75 ,360,50, 15 , 30 , 50 , -   , 0.21 , 1 ,1879.75,141534.2249,16,,,,,,
101363,Drum,BABY HERBAL COLOGNE SV 46167 C, 4 , 5 , 5 , 5 , 4 , 30 , 5 ,105,3.5, 17.30 ,0.165395675,1.247785528, 18.55 , 112.57 ,1.567340358, 9.51 , 27 ,140,25, 20 , 30 , 25 , -   , 0.19 , 1 ,3784.99,100557.1176,117,,,,,,
101364,Drum,CORAL GABLES MOOD SH ( SRILEX 1875 ), 11 , 12 , 12 , 12 , 12 , 30 , 14 ,75,2.5, 35.74 ,0.058910359,0.629375289, 36.37 , 76.32 ,0.790556766, 1.66 , 26 ,225,25, 11 , 15 , 25 , -   , 0.11 , 1 ,3205.11,82661.5714,56,,,,,,
101365,Drum,CORAL GABLES MOOD LO ( SRILEX 1876 ), 1 , 1 , 1 , 1 , 1 , 30 , 2 ,75,2.5, 4.09 ,0.038314014,0.50756618, 4.60 , 84.31 ,0.637552641, 11.69 , 11 ,225,10, 8 , 15 , 10 , -   , 0.05 , 1 ,3769.54,40098.68018,13,,,,,,
101366,Drum,SRILEX 1722 IMP - 1 ( SRILEX 1880 ), 23 , 16 , 21 , 21 , 21 , 30 , 33 ,75,2.5, 82.29 ,5.733793476,6.209188943, 88.49 , 80.66 ,7.799347087, 7.11 , 33 ,225,25, (8), 15 , 25 , -   , 0.15 , 1 ,4818.06,158029.2222,201,,,,,,
101369,Bottles,ORANGE SAI  X2L0232, 0 , 0 , 0 , 0 , 0 , 30 , 0 ,105,3.5, 1.08 ,0.000577318,0.073720019, 1.16 , 112.13 ,0.092599536, 8.96 , 1 ,1,1, 1 , 30 , 1 , -   , 1.09 , 2 ,3617.88,3952.894011,28,,,,,,
101373,Other,ALMOND SEED, 0 , 0 , 0 , 0 , 0 , 30 , 0 ,15,0.5, 0.09 ,0.000763821,0.03204976, 0.12 , 20.58 ,0.040257625, 7.01 , 0 ,2,0.2, 0 , 30 , 0 , -   , 0.12 , 1 ,6000,1441.54575,17,,,,,,
101375,Drum,POMACE OLIVE OIL, 77 , 96 , 97 , 96 , 89 , 30 , 98 ,90,3, 295.32 ,65.20532848,22.93749669, 318.26 , 96.99 ,28.81173365, 8.78 , 229 ,300,200, 102 , 30 , 200 , -   , 0.76 , 1 ,1690.63,386835.9813,129,,,,,,
101377,Can,TINOSAN HP 100, 14 , 12 , 12 , 12 , 12 , 30 , 15 ,60,2, 30.68 ,0.439474131,1.537536745, 32.21 , 63.01 ,1.931296156, 3.78 , 27 ,225,25, 10 , 30 , 25 , -   , 0.12 , 1 ,5355.99,144243.7529,29,,,,,,
101378,Drum,LUTENSOL TO 8, 100 , 92 , 94 , 92 , 92 , 30 , 116 ,45,1.5, 173.64 ,11.03623873,6.672675739, 180.32 , 46.73 ,8.381531721, 2.17 , 198 ,800,190, 74 , 30 , 190 , -   , 0.25 , 1 ,684.59,135810.0128,41,,,,,,
101379,Drum,ACUSOL 445 N, 10 , 12 , 13 , 12 , 12 , 30 , 15 ,90,3, 44.64 ,1.3301408,3.276070831, 47.92 , 96.61 ,4.11506458, 8.30 , 219 ,800,215, 200 , 30 , 215 , -   , 0.27 , 1 ,1747.89,382989.0302,28,,,,,,
101382,Can,CREME SILK 744193, 82 , 68 , 65 , 70 , 70 , 30 , 71 ,60,2, 142.74 ,37.91560751,14.28130372, 157.02 , 66.00 ,17.93871077, 7.54 , 54 ,300,25, (46), 15 , 36 , (11), 0.18 , 1 ,3023.53,162129.9714,175,,,,,,
101394,Drum,TAPIOCA PURE STARCH, 72 , 26 , 44 , 88 , 9 , 30 , 50 ,60,2, 100.48 ,1053.464059,75.27811012, 175.76 , 104.95 ,94.55665052, 56.46 , 145 ,225,45.36, (5), 30 , 50 , (5), 0.64 , 1 ,2506.29,362900.4042,207,,,,,,
101396,Other,S / WOOD CHIPS, 0 , 0 , 0 , 0 , 0 , 30 , 0 ,15,0.5, 0.00 ,1.74079E-07,0.00048384, 0.00 , 24.43 ,0.000607751, 11.85 , 0 ,2,0.2, 0 , 15 , 0 , -   , 0.10 , 1 ,800,160.4862006,9,,,,,,
101397,Can,TENDER SPLASH SUPER 755469, 128 , 94 , 94 , 100 , 100 , 30 , 103 ,60,2, 205.27 ,198.1548359,32.64834595, 237.91 , 69.54 ,41.00950772, 11.99 , 92 ,300,25, (78), 15 , 51 , (26), 0.31 , 1 ,3217.72,297079.1678,238,,,,,,
101401,Drum,HAIR FALL PROTECTION TSG15-06236, 75 , 63 , 57 , 62 , 62 , 30 , 66 ,60,2, 131.63 ,42.14476907,15.05673078, 146.68 , 66.86 ,18.91272281, 8.62 , 85 ,200,25, (41), 30 , 66 , (41), 0.42 , 1 ,4312.7,365394.6975,171,,,,,,
101402,Can,KERASOL, 1 , 1 , 0 , 1 , 1 , 30 , 1 ,65,2.166666667, 1.18 ,0.002872088,0.129371538, 1.31 , 72.12 ,0.162503273, 8.94 , 25 ,25,25, 24 , 30 , 25 , -   , 1.01 , 2 ,9704.26,244183.474,163,,,,,,
101405,Drum,SILVER LUSTRE STAB 2 ( SRILEX 1882 ), 9 , 10 , 8 , 8 , 8 , 30 , 8 ,75,2.5, 19.96 ,1.148181285,2.778555553, 22.74 , 85.44 ,3.490136853, 13.12 , 28 ,120,25, 17 , 15 , 25 , -   , 0.24 , 1 ,5776.67,164578.1189,69,,,,,,
101406,Other,WHOLE EGG POWDER, 0 , 0 , 0 , 0 , 0 , 30 , 0 ,15,0.5, 0.01 ,7.84047E-07,0.001026833, 0.01 , 17.97 ,0.001289802, 3.73 , 0 ,2,0.05, 0 , 30 , 0 , -   , 0.03 , 1 ,1.24,0.063599355,9,,,,,,
101407,Drum,SILVER LUSTRE INDE (SRILEX 1883), 4 , 4 , 8 , 2 , 4 , 30 , 5 ,75,2.5, 13.53 ,4.631948604,5.580790483, 19.11 , 105.94 ,7.010017314, 38.87 , 32 ,500,25, 20 , 15 , 25 , -   , 0.06 , 1 ,6122.67,195986.7727,36,,,,,,
101410,Drum,CITRUS TIDES IMP ( SRILEX 1888 ), 137 , 105 , 142 , 142 , 142 , 30 , 99 ,75,2.5, 246.65 ,261.9170133,41.9658194, 288.61 , 87.76 ,52.71316339, 16.03 , 153 ,500,100, 1 , 15 , 49 , 51 , 0.31 , 1 ,2049.54,312991.7369,#N/A,,,,,,
101411,Drum,FLORAL HEAVEN IMP ( SRILEX 1887 ), 375 , 175 , 232 , 232 , 232 , 30 , 352 ,75,2.5, 879.57 ,5530.837686,192.8454111," 1,072.42 ", 91.44 ,242.2326506, 20.65 , 418 ,500,100, (252), 15 , 176 , (76), 0.84 , 1 ,2018.02,843829.4097,39,,,,,,
101415,Bottles,SODIUM HYDROXIDE, 72 , 51 , 49 , 46 , 46 , 30 , 54 ,30,1, 54.12 ,122.1994471,18.12919284, 72.25 , 40.05 ,22.7720349, 12.62 , 77 ,225,2, (52), 30 , 54 , (52), 0.34 , 1 ,3600,276807.778,965,,,,,,
101416,Can,PEA NUT EXTRACT (BIOTIN), 1 , 1 , 2 , 0 , 1 , 30 , 1 ,45,1.5, 1.50 ,0.230168254,0.963634164, 2.46 , 73.89 ,1.210418523, 36.28 , 6 ,5,5, 4 , 30 , 5 , -   , 1.24 , 2 ,5139.8,31920.30913,264,,,,,,
101443,Can,VETIVER OIL, 24 , 6 , 3 , 6 , -   , 30 , 16 ,45,1.5, 23.87 ,86.11358756,18.63911633, 42.51 , 80.14 ,23.41254856, 44.14 , 48 ,50,25, 9 , 30 , 25 , -   , 0.97 , 1 ,95498,4623301.563,239,,,,,,
101474,Drum,PS GOLD GEL AM 47259 C, 29 , 27 , 47 , 8 , 25 , 30 , 28 ,105,3.5, 99.67 ,185.7610921,41.8172287, 141.49 , 149.05 ,52.52651898, 55.33 , 81 ,450,25, (3), 30 , 28 , (3), 0.18 , 1 ,3888.72,315002.7205,271,,,,,,
101483,Drum,HIMALAYAN ESSENCE IMP IND, 355 , 185 , 288 , 292 , 265 , 30 , 280 ,45,1.5, 420.33 ,3736.601193,122.7800629, 543.11 , 58.14 ,154.2237376, 16.51 , 354 ,800,200, (80), 15 , 140 , 60 , 0.44 , 1 ,2306.36,816967.4594,16,,,,,,
101493,Drum,LAVANYA REVOLUTUM DISPERSION, 13 , 7 , 10 , 6 , 7 , 30 , 11 ,65,2.166666667, 23.75 ,7.452151159,6.589928867, 30.34 , 83.03 ,8.277593577, 22.65 , 33 ,50,25, 14 , 30 , 25 , -   , 0.67 , 1 ,8554.75,284681.4937,14,,,,,,
101499,Drum,SODIUM FLUORIDE, 42 , 47 , 29 , 37 , 37 , 30 , 51 ,75,2.5, 127.80 ,41.53375129,16.71146145, 144.51 , 84.81 ,20.99122596, 12.32 , 72 ,100,25, (26), 30 , 51 , (26), 0.72 , 1 ,2443.09,176171.4451,732,,,,,,
101500,Can,PHENOXY ETHANOL, 0 , 0 , 0 , 0 , 0 , 30 , 0 ,60,2, 0.07 ,0,0, 0.07 , 60.00 ,0, -   , 25 ,20,25, 25 , 30 , 25 , -   , 1.25 , 2 ,3314.94,82873.5,2,,,,,,
101503,Bags,KOH, 173 , 150 , 150 , 150 , 150 , 30 , 222 ,45,1.5, 333.46 ,104.0570337,20.48920928, 353.95 , 47.76 ,25.7364458, 3.47 , 226 ,1000,200, (22), 30 , 200 , -   , 0.23 , 1 ,390,88037.21386,174,,,,,,
101505,Bags,MYRISTIC ACID, 212 , 184 , 184 , 184 , 184 , 30 , 273 ,90,3, 819.87 ,157.2485881,35.62032296, 855.50 , 93.91 ,44.74260079, 4.91 ," 3,045 ",500,3000," 2,727 ", 30 ," 3,000 ", -   , 6.09 , 7 ,516.34,1572122.394,137,,,,,,
101516,Can,ZINC ACETATE, 26 , 30 , 18 , 23 , 23 , 30 , 27 ,60,2, 54.97 ,19.21353442,10.16628961, 65.14 , 71.10 ,12.76985158, 13.94 , 73 ,50,60, 33 , 30 , 60 , -   , 1.46 , 2 ,4393.31,319700.5166,514,,,,,,
101534,Can,LAVANYA DECORUM DISPERSION, 25 , 13 , 20 , 20 , 18 , 30 , 19 ,60,2, 38.90 ,19.38698319,10.21207422, 49.11 , 75.75 ,12.82736153, 19.79 , 63 ,300,50, 31 , 30 , 50 , -   , 0.21 , 1 ,3248.09,204068.9247,13,,,,,,
101565,Drum,OPTAMINT 724636, 89 , 86 , 51 , 67 , 67 , 30 , 84 ,60,2, 168.35 ,240.0019476,35.93074556, 204.28 , 72.81 ,45.13252186, 16.08 , 225 ,720,180, 96 , 15 , 180 , -   , 0.31 , 1 ,4665.76,1050414.315,130,,,,,,
101566,Drum,OPTAMINT 725013, 42 , 75 , 44 , 57 , 57 , 30 , 62 ,60,2, 123.88 ,176.3863711,30.80288246, 154.68 , 74.92 ,38.69142552, 18.74 , 219 ,720,180, 118 , 15 , 180 , -   , 0.30 , 1 ,4696.48,1027079.906,106,,,,,,
101567,Drum,OPTAMINT 725024, 80 , 87 , 53 , 69 , 69 , 30 , 80 ,60,2, 160.71 ,170.2720745,30.26429486, 190.97 , 71.30 ,38.01490695, 14.19 , 218 ,720,180, 100 , 15 , 180 , -   , 0.30 , 1 ,5477.77,1194235.517,138,,,,,,
101574,Box,POTASSIUM SORBATE, 0 , 0 , 0 , 0 , 0 , 30 , 0 ,65,2.166666667, 0.03 ,3.76224E-07,0.001480687, 0.03 , 67.92 ,0.001859887, 3.67 , 30 ,30,30, 30 , 30 , 30 , -   , 1.00 , 2 ,810.81,24325.80801,223,,,,,,
101575,Drum,GLYCINE, 61 , 35 , 39 , 37 , 37 , 30 , 125 ,56,1.866666667, 232.43 ,113.8697553,23.91010195, 256.34 , 61.76 ,30.03342074, 7.24 , 130 ,450,100, (25), 30 , 100 , -   , 0.29 , 1 ,1540.47,200312.5837,368,,,,,,
101576,Drum,OPTAMINT 701655, 13 , 6 , 7 , 7 , 7 , 30 , 53 ,60,2, 105.07 ,7.701106421,6.436287102, 111.50 , 63.68 ,8.084604531, 4.62 , 33 ,25,25, (28), 15 , 25 , -   , 1.32 , 2 ,6684.01,221137.8275,150,,,,,,
101577,Drum,GREEN BLOSSOM, 13 , 9 , 8 , 8 , 6 , 30 , 10 ,50,1.666666667, 16.17 ,6.58789219,5.434273155, 21.61 , 66.80 ,6.825977256, 21.10 , 32 ,50,25, 15 , 30 , 25 , -   , 0.64 , 1 ,3243.64,103232.0129,114,,,,,,
101583,Drum,LEMON RUSH H, 328 , 202 , 118 , -   , -   , 30 , 45 ,75,2.5, 111.40 ,19530.65105,362.3866687, 473.78 , 318.99 ,455.1930107, 306.47 , 635 ,720,180, 135 , 15 , 180 , -   , 0.88 , 1 ,1934.43,1228736.416,#N/A,,,,,,
101584,Can,VIRGIN KING COCONUT OIL, 63 , 89 , 38 , 83 , 37 , 30 , 44 ,30,1, 44.27 ,597.7699207,40.09690735, 84.36 , 57.17 ,50.36562752, 34.13 , 95 ,480,50, 6 , 30 , 44 , 6 , 0.20 , 1 ,900,85170.18603,140,,,,,,
101593,Can,SENSIDIN DO, 1 , 1 , 1 , 1 , 1 , 30 , 1 ,45,1.5, 1.32 ,0.005397934,0.14757176, 1.47 , 50.03 ,0.185364527, 6.32 , 20 ,10,20, 19 , 30 , 20 , -   , 2.02 , 3 ,10467.26,211285.4587,26,,,,,,
101594,Can,OPTAMINT 727877, 8 , 5 , 6 , 5 , 5 , 30 , 6 ,60,2, 11.72 ,1.805540874,3.116466825, 14.84 , 75.95 ,3.914586378, 20.04 , 14 ,25,10, 4 , 15 , 10 , -   , 0.56 , 1 ,8443.15,117482.94,150,,,,,,
101595,Can,OPTAMINT 728948, 2 , 2 , 2 , 2 , 2 , 30 , 0 ,60,2, 0.14 ,0.01618551,0.295067952, 0.44 , 186.46 ,0.370634135, 158.84 , 10 ,25,10, 10 , 15 , 10 , -   , 0.41 , 1 ,9857.73,102230.9112,74,,,,,,
101597,Bottles,ZINC SULPHATE HEPTA HYDRATE, 4 , 3 , 3 , 3 , 3 , 30 , 2 ,30,1, 2.25 ,0.36352158,0.988801114, 3.24 , 43.18 ,1.242030667, 16.55 , 11 ,10,10, 8 , 30 , 10 , -   , 1.12 , 2 ,4404.25,49512.71357,222,,,,,,
101603,Bags,SILICA GRANULES - BIGGER SIZE (BLUE), 14 , 15 , 9 , 11 , 11 , 30 , 14 ,60,2, 27.86 ,5.726304098,5.550039189, 33.41 , 71.95 ,6.971390689, 15.01 , 27 ,60,20, 6 , 30 , 20 , -   , 0.45 , 1 ,3877.99,104594.7834,259,,,,,,
101604,Bags,SILICA GRANULES - BIGGER SIZE (GREEN), 4 , 7 , 4 , 5 , 5 , 30 , 6 ,60,2, 11.66 ,1.556270784,2.893353038, 14.56 , 74.88 ,3.634333694, 18.69 , 44 ,60,40, 34 , 30 , 40 , -   , 0.73 , 1 ,4254.53,185643.5817,103,,,,,,
101613,Bags,SODIUM CHLORIDE - EXTRA PURE 99.5%, 14 , 15 , 9 , 12 , 12 , 30 , 14 ,75,2.5, 34.59 ,5.066199588,5.836533734, 40.42 , 87.66 ,7.331255788, 15.90 , 57 ,150,50, 36 , 30 , 50 , -   , 0.38 , 1 ,1202.75,68955.1679,133,,,,,,
101615,Drum,GILOU FREEZE AM 40835 B, 4 , 6 , 5 , 5 , 5 , 30 , 5 ,105,3.5, 16.58 ,0.173386987,1.277574163, 17.85 , 113.09 ,1.60475779, 10.16 , 27 ,50,25, 20 , 30 , 25 , -   , 0.53 , 1 ,3285.57,87411.79405,16,,,,,,
101617,Drum,TRUE XTREM VIKING AM 53357, 4 , 4 , 4 , 4 , 4 , 30 , 4 ,105,3.5, 13.00 ,0.090604503,0.923533728, 13.92 , 112.46 ,1.160048464, 9.37 , 26 ,50,25, 21 , 30 , 25 , -   , 0.52 , 1 ,3819.17,99909.67229,13,,,,,,
101653,Bottles,BEE'S HONEY EXTRACT, 1 , 0 , 0 , 1 , 0 , 30 , 0 ,30,1, 0.34 ,0.048715568,0.361974299, 0.70 , 61.68 ,0.454675034, 39.79 , 1 ,1,1, 1 , 30 , 1 , -   , 1.45 , 2 ,1200,1745.61004,6,,,,,,
101697,Drum,NIACINAMIDE, 67 , 13 , 30 , 55 , 7 , 30 , 33 ,65,2.166666667, 72.57 ,679.9887975,62.94928158, 135.52 , 121.38 ,79.07043905, 70.82 , 129 ,225,50, 17 , 30 , 50 , -   , 0.57 , 1 ,1670.72,215640.5639,205,,,,,,
101698,Drum,NOVEMER EC 2, 119 , 47 , 79 , 157 , 15 , 30 , 90 ,65,2.166666667, 194.33 ,3190.536725,136.3552214, 330.69 , 110.61 ,171.2754611, 57.29 , 285 ,565,113.4, 24 , 30 , 113 , -   , 0.50 , 1 ,6330.38,1802103.845,210,,,,,,
101699,Drum,VISCOFIL WHITE ARCL 30, 17 , 3 , 7 , 13 , 2 , 30 , 8 ,60,2, 16.14 ,42.18853961,15.06454753, 31.21 , 115.99 ,18.92254141, 70.33 , 119 ,200,100, 92 , 30 , 100 , -   , 0.59 , 1 ,2263.43,269172.8479,77,,,,,,
101700,Drum,CC OXIDE YELLOW FP 401, 17 , 3 , 7 , 13 , 2 , 30 , 8 ,60,2, 16.14 ,42.18853961,15.06454753, 31.21 , 115.99 ,18.92254141, 70.33 , 119 ,50,100, 92 , 30 , 100 , -   , 2.38 , 3 ,1279.55,152167.3379,77,,,,,,
101701,Bags,Dill Seeds, 0 , 0 , 0 , 0 , 0 , 30 , 0 ,30,1, 0.08 ,0.003661403,0.099235622, 0.18 , 65.59 ,0.124649622, 44.71 , 5 ,150,5, 5 , 15 , 5 , -   , 0.03 , 1 ,690,3536.008239,8,,,,,,
101702,Can,UNIPEARL SYE, 10 , 10 , 10 , 21 , 2 , 30 , 11 ,60,2, 22.27 ,47.7147633,16.02083814, 38.29 , 103.17 ,20.12373571, 54.23 , 31 ,225,5, (6), 30 , 11 , (6), 0.14 , 1 ,17149.16,536032.5919,61,,,,,,
101733,Bucket,BELCILEG 2, 10 , 4 , 7 , 13 , 1 , 30 , 7 ,60,2, 14.97 ,20.49121052,10.4988723, 25.47 , 102.09 ,13.18760789, 52.86 , 28 ,30,15, 8 , 30 , 15 , -   , 0.94 , 1 ,3373.34,95086.38521,203,,,,,,
101734,Bucket,AVOCADO BUTTER, 2 , 2 , 2 , 4 , 0 , 30 , 2 ,60,2, 4.26 ,1.634601756,2.965273978, 7.22 , 101.80 ,3.724673411, 52.51 , 29 ,25,25, 23 , 30 , 25 , -   , 1.15 , 2 ,7450,213998.8169,60,,,,,,
101735,Drum,MICONOL CM , 202 , 176 , 176 , 176 , 176 , 30 , 261 ,60,2, 521.15 ,142.9248624,27.72762918, 548.88 , 63.19 ,34.82860738, 4.01 , 295 ,800,100, (161), 30 , 261 , (161), 0.37 , 1 ,456.01,134707.6993,113,,,,,,
101737,Drum,GREEN VIBRAT 2, 23 , 9 , 21 , 41 , 4 , 30 , 24 ,60,2, 48.18 ,214.5868032,33.97506927, 82.15 , 102.31 ,42.67600165, 53.15 , 93 ,225,50, 26 , 30 , 50 , -   , 0.41 , 1 ,4773.28,442368.5051,72,,,,,,
101738,Box,CHEM 1789 -BUTYLMETHOXYDIBENZOYL METHANE, 28 , 5 , 12 , 23 , 3 , 30 , 14 ,60,2, 27.21 ,117.9846099,25.19251504, 52.41 , 115.54 ,31.64425669, 69.77 , 132 ,225,100, 86 , 30 , 100 , -   , 0.59 , 1 ,3135.15,412724.4914,78,,,,,,
101739,Other,SAFFRON, 0 , 0 , 0 , 0 , 0 , 30 , 0 ,15,0.5, 0.00 ,1.64668E-08,0.00014881, 0.00 , 43.29 ,0.00018692, 35.53 , 0 ,0.05,0.01, 0 , 30 , 0 , -   , 0.20 , 1 ,193000,1966.075646,1,,,,,,
101740,Drum,LAVENDER OIL, 0 , 0 , 0 , 0 , 0 , 30 , 0 ,15,0.5, 0.07 ,0,0, 0.07 , 15.00 ,0, -   , 1 ,2,1, 1 , 30 , 1 , -   , 0.50 , 1 ,375.15,375.15,31,,,,,,
101742,Drum,PINK PETAL TOUCH - FRAGRANCE, 14 , 11 , 11 , 11 , 11 , 30 , 18 ,60,2, 35.12 ,1.386898077,2.731373672, 37.85 , 64.67 ,3.430871808, 5.86 , 28 ,225,25, 7 , 30 , 25 , -   , 0.13 , 1 ,3593.84,102176.0043,49,,,,,,
101760,Drum,GREEN PASTURES (Srilex 1915), 317 , 183 , 262 , 151 , 183 , 30 , 274 ,75,2.5, 685.24 ,4657.594475,176.967978, 862.21 , 94.37 ,222.2890456, 24.33 , 359 ,500,50, (224), 15 , 137 , (87), 0.72 , 1 ,2158.55,775645.8886,32,,,,,,
101766,Drum,GOLDEN GLOW, 52 , 9 , 22 , 42 , 5 , 30 , 25 ,60,2, 50.03 ,417.8227147,47.40835314, 97.44 , 116.86 ,59.54951674, 71.42 , 85 ,225,25, (0), 30 , 25 , (0), 0.38 , 1 ,5402.01,456815.4765,83,,,,,,
101768,Drum,ELEGANT WHITE, 11 , 9 , 9 , 9 , 9 , 30 , 13 ,60,2, 25.57 ,0.699751042,1.94012907, 27.51 , 64.55 ,2.436991392, 5.72 , 27 ,225,25, 12 , 30 , 25 , -   , 0.12 , 1 ,3412.06,93616.66085,33,,,,,,
101783,Drum,MYSTIC PURPLE, 9 , 9 , 9 , 9 , 9 , 30 , 13 ,60,2, 26.55 ,0,0, 26.55 , 60.00 ,0, -   , 25 ,225,25, 12 , 30 , 25 , -   , 0.11 , 1 ,3655.41,91385.25,32,,,,,,
101784,Drum,Lavender HS , 4 , 6 , 2 , 4 , 4 , 30 , 4 ,75,2.5, 10.70 ,2.411053914,4.026403671, 14.73 , 103.22 ,5.05755583, 35.44 , 30 ,25,25, 21 , 30 , 25 , -   , 1.20 , 2 ,2822.88,84848.8732,40,,,,,,
101785,Drum,Waterlily Mist, 287 , 146 , 230 , 231 , 209 , 30 , 224 ,60,2, 448.75 ,2580.070744,117.8079647, 566.56 , 75.75 ,147.9782971, 19.79 , 328 ,720,180, (44), 15 , 112 , 68 , 0.46 , 1 ,2214.5,726307.939,18,,,,,,
101786,Drum,HYDRA NOURISHING, 8 , 8 , 8 , 16 , 1 , 30 , 9 ,60,2, 17.52 ,28.85358503,12.45829862, 29.98 , 102.67 ,15.64883851, 53.60 , 41 ,225,25, 16 , 30 , 25 , -   , 0.18 , 1 ,4591.06,186621.2566,62,,,,,,
101793,Drum,FLEXONYL YELLOW G 30, 121 , 42 , 58 , 58 , 58 , 30 , 93 ,60,2, 185.62 ,946.18875,71.34240341, 256.97 , 83.06 ,89.61301891, 28.97 , 182 ,360,30, (63), 30 , 93 , (63), 0.51 , 1 ,2424.05,442206.6838,48,,,,,,
101794,Can,REDENSYL, 6 , 6 , 6 , 6 , 6 , 30 , 4 ,90,3, 11.34 ,0.0031752,0.160062656, 11.50 , 91.27 ,0.201054311, 1.60 , 10 ,80,10, 6 , 30 , 10 , -   , 0.13 , 1 ,91397.6,932351.8815,3,,,,,,
101796,Can,Sera Sense RB 21, 0 , 0 , 0 , 0 , 0 , 30 , 0 ,60,2, 0.41 ,0.005254201,0.168117221, 0.58 , 84.69 ,0.211171632, 31.01 , 20 ,40,20, 20 , 30 , 20 , -   , 0.51 , 1 ,9490,191804.0188,10,,,,,,
101797,Drum,Sera Sense SF CM 5(Cyclopentasiloxane), 27 , 45 , 45 , 45 , 45 , 30 , 31 ,60,2, 61.22 ,68.46171717,19.19034312, 80.41 , 78.81 ,24.10494318, 23.63 , 214 ,570,190, 159 , 30 , 190 , -   , 0.38 , 1 ,888.13,190153.0232,18,,,,,,
101798,Drum,Sera Sense GB 10 ( Gum Blend), 36 , 61 , 61 , 61 , 61 , 30 , 41 ,60,2, 81.55 ,122.1147608,25.62966487, 107.18 , 78.86 ,32.19335954, 23.68 , 212 ,720,180, 139 , 30 , 180 , -   , 0.29 , 1 ,1253.48,265980.1323,18,,,,,,
101799,Can,Sera Sense SF PTM (Phenyl Trimethicone), 1 , 2 , 2 , 2 , 2 , 30 , 2 ,60,2, 3.14 ,0.181514756,0.988131658, 4.13 , 78.86 ,1.241189765, 23.68 , 21 ,40,20, 18 , 30 , 20 , -   , 0.53 , 1 ,3792.44,80555.93771,18,,,,,,
101800,Drum,Sera Sense SF CM 56(Cyclopenta and Hexasiloxane), 0 , 1 , 1 , 1 , 1 , 30 , 0 ,60,2, 0.98 ,0.01772605,0.308791143, 1.29 , 78.86 ,0.387871802, 23.68 , 190 ,190,190, 190 , 30 , 190 , -   , 1.00 , 2 ,1100,209426.659,17,,,,,,
101806,Other,Grape Seed Oil, 0 , 0 , 0 , 0 , 0 , 30 , 0 ,60,2, 0.00 ,2.11377E-12,3.372E-06, 0.00 , 78.86 ,4.23556E-06, 23.68 , 1 ,2,0.5, 0 , 30 , 1 , -   , 0.25 , 1 ,4501.28,2250.659065,#N/A,,,,,,
101807,Bucket,D & C Violet 2 colour powder, 0 , 0 , 0 , 0 , 0 , 30 , 0 ,60,2, 0.00 ,7.56605E-09,0.000201741, 0.00 , 84.69 ,0.000253406, 31.01 , 20 ,40,20, 20 , 30 , 20 , -   , 0.50 , 1 ,72361,1447238.337,2,,,,,,
101812,Bottles,Jojoba Oil, 0 , 0 , 0 , 0 , 0 , 30 , 0 ,60,2, 0.00 ,4.14298E-14,4.7208E-07, 0.00 , 78.86 ,5.92978E-07, 23.68 , 1 ,2,0.5, 0 , 30 , 1 , -   , 0.25 , 1 ,8779.14,4389.575206,#N/A,,,,,,
101814,Bottles,Argan Oil, 0 , 0 , 0 , 0 , 0 , 30 , 0 ,60,2, 0.00 ,2.11377E-12,3.372E-06, 0.00 , 78.86 ,4.23556E-06, 23.68 , 1 ,2,0.5, 0 , 30 , 1 , -   , 0.25 , 1 ,14412.4,7206.261045,#N/A,,,,,,
101819,Bottles,Pomegranate Oil, 0 , 0 , 0 , 0 , 0 , 30 , 0 ,60,2, 0.00 ,4.14298E-12,4.7208E-06, 0.00 , 78.86 ,5.92978E-06, 23.68 , 1 ,2,0.5, 0 , 30 , 1 , -   , 0.25 , 1 ,38280.14,19140.29699,#N/A,,,,,,
101821,Bottles,ELO HAIR OIL TK 59073B, 0 , 0 , 0 , 0 , 0 , 30 , 0 ,105,3.5, 0.72 ,0.005254201,0.222398179, 0.94 , 137.66 ,0.279353811, 41.02 , 15 ,5,15, 15 , 30 , 15 , -   , 3.06 , 4 ,4434.63,67758.28079,10,,,,,,
101822,Bottles,Elo Orchid TK 59073, 0 , 0 , 0 , 0 , 0 , 30 , 0 ,105,3.5, 1.00 ,0.003678828,0.186094106, 1.19 , 124.45 ,0.233752353, 24.43 , 15 ,5,15, 15 , 30 , 15 , -   , 3.05 , 4 ,4946.96,75360.76354,7,,,,,,
101823,Bottles,Rosemary Oil, 0 , 0 , 0 , 0 , 0 , 30 , 0 ,60,2, 0.30 ,0.002849451,0.123805351, 0.42 , 84.76 ,0.155511599, 31.11 , 1 ,2,0.5, 0 , 30 , 1 , -   , 0.33 , 1 ,41517.92,27215.47813,13,,,,,,
101824,Bottles,AVACADO OIL, 0 , 0 , 0 , 0 , 0 , 30 , 0 ,60,2, 0.49 ,0.011065413,0.243973497, 0.73 , 90.05 ,0.306454515, 37.74 , 1 ,2,0.5, 0 , 30 , 1 , -   , 0.40 , 1 ,20449.87,16491.88999,68,,,,,,
101826,Bottles,ORANGE OIL, 1 , 1 , 1 , 0 , 0 , 30 , 1 ,60,2, 1.22 ,0.055788625,0.547812169, 1.77 , 86.86 ,0.68810553, 33.73 , 1 ,2,0.5, (0), 15 , 0.3 , 0.2 , 0.59 , 1 ,21250.02,25247.26627,122,,,,,,
101827,Bottles,BLACK SEED OIL, 0 , 0 , 0 , 0 , 0 , 30 , 0 ,60,2, 0.02 ,1.79827E-05,0.009835258, 0.03 , 84.77 ,0.012354044, 31.11 , 1 ,2,0.5, 0 , 30 , 1 , -   , 0.26 , 1 ,8555.69,4383.542372,10,,,,,,
101828,Bottles,CAMOMILE OIL, 0 , 0 , 0 , 0 , 0 , 30 , 0 ,60,2, 0.00 ,2.71047E-10,3.81839E-05, 0.00 , 84.77 ,4.79628E-05, 31.11 , 1 ,2,0.5, 0 , 30 , 1 , -   , 0.25 , 1 ,202667.31,101343.3755,#N/A,,,,,,
101830,Can,ALMOND & VITAMIN C EXTRACT, 1 , 0 , 0 , 0 , 0 , 30 , 0 ,65,2.166666667, 0.79 ,0.022065038,0.3585851, 1.15 , 94.56 ,0.450417869, 37.14 , 25 ,25,25, 25 , 30 , 25 , -   , 1.02 , 2 ,4016.62,102224.6574,102,,,,,,
101831,Can,GLAMOUR CURLS 763789 (FRAGRANCE), 50 , 28 , 28 , 21 , 21 , 30 , 28 ,60,2, 56.60 ,141.5550453,27.59443602, 84.19 , 89.25 ,34.66130378, 36.74 , 60 ,100,25, (3), 15 , 14 , 11 , 0.60 , 1 ,6294.76,375553.5886,68,,,,,,
101833,Can,GREEN BEAUTY (FRAGRANCE), 86 , 49 , 43 , 39 , 39 , 30 , 51 ,75,2.5, 128.17 ,388.2992472,51.09720284, 179.26 , 104.90 ,64.18307187, 37.56 , 90 ,500,25, (26), 15 , 26 , (1), 0.18 , 1 ,3603.85,323684.881,109,,,,,,
101835,Drum,BLACK IMPACT T 15017012 (FRAGRANCE), 48 , 32 , 30 , 23 , 23 , 30 , 34 ,60,2, 67.25 ,107.5672148,24.05463702, 91.31 , 81.46 ,30.21497089, 26.96 , 64 ,200,25, (9), 30 , 34 , (9), 0.32 , 1 ,4241.94,270812.8921,75,,,,,,
101836,Bags,GINOL 1618 TA (CETO-STEARYL ALCOHOL), 80 , 18 , 29 , 29 , 29 , 30 , 30 ,60,2, 59.56 ,589.5031856,56.31212601, 115.87 , 116.73 ,70.73352414, 71.26 , 101 ,320,25, (5), 30 , 30 , (5), 0.31 , 1 ,549.85,55266.65427,35,,,,,,
101838,Drum,UCON LUBRICANT 50 - HB - 660, 64 , 51 , 49 , 52 , 52 , 30 , 54 ,60,2, 108.37 ,36.03384916,13.92240214, 122.30 , 67.71 ,17.48789537, 9.68 , 234 ,217,217, 163 , 30 , 217 , -   , 1.08 , 2 ,2645,620220.4833,579,,,,,,
101839,Box,GENAMIN KDMP, 22 , 5 , 8 , 8 , 8 , 30 , 8 ,60,2, 16.12 ,43.16224016,15.2373988, 31.35 , 116.73 ,19.13965947, 71.26 , 44 ,40,25, 17 , 30 , 25 , -   , 1.10 , 2 ,5098,225023.984,33,,,,,,
101840,Drum,BELSIL ADM 331, 313 , 175 , 165 , 139 , 139 , 30 , 184 ,65,2.166666667, 399.43 ,5295.735843,175.6722064, 575.10 , 93.59 ,220.66143, 35.91 , 421 ,800,200, 16 , 30 , 200 , -   , 0.53 , 1 ,1610.52,677483.6462,241,,,,,,
101842,Drum,SCHERCODINE (TM) S AMIDO AMINE, 8 , 2 , 3 , 3 , 3 , 30 , 3 ,75,2.5, 7.01 ,5.221896731,5.925540787, 12.93 , 138.43 ,7.44305733, 79.67 , 98 ,90,90.7, 88 , 30 , 91 , -   , 1.09 , 2 ,3303.6,324225.4042,28,,,,,,
101525,Bucket,LUBRAJEL OIL, 22 , 17 , 22 , 24 , 18 , 30 , 20 ,65,2.166666667, 44.23 ,10.38496484,7.779333932, 52.01 , 76.43 ,9.771602378, 14.36 , 30 ,50,20.4, (0), 30 , 20 , (0), 0.60 , 1 ,5222.99,157649.2324,472,,,,,,
,,,,,,,,,,,,,,,,,,,,,,,,,,Maximum Pallets Required,#VALUE!,,,#N/A,,,,,,
,,,,,,,,,,,,,,,,,,#DIV/0!,,,,,,,,, 774 ,,,#N/A,,,,,,
,,,,*******,ROP is calcutlated from considering demand leadtime(Dl) is following a Normal distribution,,,,,,,,,,,,,#DIV/0!,,,,,,,,,,,277036910.2,#N/A,,,,,,
,,,,,,,,,,,,,,,,,,#DIV/0!,,,,,,,,,,,2770.369102,#N/A,,,,,,
,,,,,,,,,,,,,,,,,,,,,,,,,,,,,,,,,,,,
,,,,,,,,,,,,,,,,,,,,,,,,,,,,,,,,,,,,
,,,,,,,,,,,,,,,,,,,,,,,,,,,,,,,,,,,,
,,,,,,,,,,,,,,,,,,,,,,,,,,,,,,,,,,,,
,,,,,,,,,,,,,,,,,,,,,,,,,,,,,,,,,,,,
,,,,,,,,,,,,,,,,,,,,,,,,,,,,,,,,,,,,
,,,,,,,,,,,,,,,,,,,,,,,,,,,,,,,,,,,,
,,,,,,,,,,,,,,,,,,,,,,,,,,,,,,,,,,,,
,,,,,Assumptions: Leadtime is constant  (Variation of lead time is zero),,,,,,,,,,,,,,,,,,,,,,,,,,,,,,,
,,,,,,Demand is randomly distributed,,,,,,,,,,,,,,,,,,,,,,,,,,,,,,
,,,,,,Storage is planned for maximum stock situations,,,,,,,,,,,,,,,,,,,,,,,,,,,,,,
,,,,,,,,,,,,,,,,,,,,,,,,,,,,,,,,,,,,
,,,,,,,,,,,,,,,,,,,,,,,,,,,,,,,,,,,,
,,,,,,,,,,,,,,,,,,,,,,,,,,,,,,,,,,,,
,,,,,,,,,,,,,,,,,,,,,,,,,,,,,,,,,,,,
,,,,,,,,,,,,,,,,,,,,,,,,,,,,,,,,,,,,
,,,,,,,,,,,,,,,,,,,,,,,,,,,,,,,,,,,,
,,,,,,,,,,,,,,,,,,,,,,,,,,,,,,,,,,,,
,,,,,,Confidence level : 95%,,,,,,,,,,,,,,,,,,,,,,,,,,,,,,
,,,,,,α= 1.64,,,,,,,,,,,,,,,,,,,,,,,,,,,,,,