Material Code,Description
,
100036,CAUSTIC SODA
101054,CALCIUM CARBONATE ( GROUND )
100098,SORBITOL
101293,FLUFF UNTREATED - GOLDEN ISLES G4881
100108,TALCUM POWDER
100323,BC COLOGNE BULK - IMPORTED
100094,SILICA 165 THICKENING
101466,3D BUBBLE NON-WOVEN TOP SHEET 38GSM-90MM
101580,SODIUM SILICATE
100460,GALAXY LES 70
100039,EMAL 10 PHD  (  Galaxy 689 )
101300,SOFT EDGE N/WOVEN HYD - AIR THROUGH 115m
100714,COCOMIDOPROPYL BETAINE
101308,PE BACK SHEET 170mm - WHITE
100050,GLYCERINE
101413,BULK BC FRESH FLORAL COLOGNE - IMPORTED
100403,VIRGIN COCONUT OIL
101736,ECOSMOOTH SATIN
100110,TITANIUM DIOXIDE
101305,SOFT EDGE PE - WHITE OPAQUE 115mm (Only
101428,PREMIUM PE - PERFORATED 85mm TOP SHEET
100030,CORN STARCH
100904,HOT MELT ADHESIVE DMC 5228
101065,BC LUCKY DUCKY COL - BULK
101472,PRINTED PE POUCH 240mm - LIGHT PINK
101017,  Tinopal CBS X
101302,AQL NON WOVEN WHITE 60mm - WHITE
101398,IMPORTED BULK - BC COL CUDDLY BUNNY
101389,IMPORTED BULK - BC FLORAL COL
101762,Pink Pleats
100006,ALCOHOL
101399,IMPORTED BULK - BC COL ANGEL FAIRY
101471,PRINTED PE POUCH 240mm - LIGHT PURPLE
100038,XIAMETER (R) MEM - 1785 EMULSION
100525,LUZI 187340
101374,CUTINA EGDS
101390,IMPORTED BULK - BC BED TIME COL
101429,PREMIUM PE PERFORATED 90mm TOP SHEET
101862,BULK BC HERBAL COLOGNE - IMPORTED
100026,CETYL ALCOHOL
100105,STEARIC ACID
100171,OPTAMINT 293250
100835,SANDALWOOD CO 13490T
100913,SAP SA 60 N  TYPE II
100018,BRIQUEST ADPA
100043,EMPILAN GMS SE 40(CAFLOAN)
100093,SILICON
100097,S.M.F.P.
101295,RELEASE PAPER WINGS 65mm - WHITE
101468,NEW RL.PAPER PRNTD. CENTER 50mm - PINK
101470,PRINTED PE POUCH 290mm - SEA GREEN
101488,ROSE & CARE MOD 434031 ( R )
101496,DHARIYAL CMC - IG 3040
101517,ABBRASIVE SILICA ( ZEODENT 113 )
101637,PINK PLUM IMP 4 EAE 36544/00
100035,CLIMBAZOLE
100044,EMANON PCSA
100069,METHYL PARABEN
100118,TRILON BD ( DISODIUM EDTA )
100119,TRI SODIUM ORTHOPHOSPHATE
100201,POLYETHELYENE GLYCOL ( PEG 1500 )
100903,HOT MELT ADHESIVE DMC 5227
101273,FIXATE FREE STYLE POLYMER
101409,CITRUS SKY ( SRILEX 1886 )
101463,TRIPOTASSIUM CITRATE G 2040
101467,NEW RL.PAPER PRNTD. CENTER 50mm - PURPLE
101489,FLOWER POWER MOD 434033 (J)
101623,SUNFLOWER SMILE 1MP 2
101625,WINDING PATH
101763,LUXURY CREME
101859,BULK GOLD BLACK JEANS - IMPORTED
100010,ALLANTOIN B.P
100080,PROTACHEM SMS
100099,SODIUM BENZOATE
100100,SODIUM SACHCHARIN
100198,LANELGINE
100713,MAGNESIUM SULPHATE
101015,UVTEX POWDER (Optical brightener)
101091,BENZYL ALCOHOL
101282,POLYOX WSR 301
101298,POUCH TAPE 30mm
101370,CLASSIC FRESH 3 ( SRILEX 1879 )
101376,RITA IPM ( ISOPROPYL MIRISTATE NF )
101380,COVABSORB DS
101453,SPRING ORCHID PSX11978 AW
101469,NEW RELEASE PAPER PRINTED 50mm - GREEN
101515,SHANDONG CMC
101605,SRILEX 1904
101825,SWEET ALMOND OIL
101832,CARBOMER 980
101841,JAGUAR C 13 S
100448,PARIS 009 (  Srilex 1718 )
100005,ETHYL ALCOHOL ( Undenatured )
100012,AMPHISOL
100016,F.D.& C BLUE 1
100019,BHT
100028,CITRIC ACID
100031,COPPER CHLOROPHYLL LIQUID
100033,CREMOPHOR RH 40
100046,FRESCOLAT ML
100066,MENTHOL
100071,MULSIFAN RT
100072,MICROCRYSTALLINE WAX
100078,POTASSIUM HYDROXIDE
100084,PROPYL PARABEN
100085,F.D.& C RED NO 04
100086,F D & C RED NO 33
100090,SALCARE 91
100109,TRI ETHANOL AMINE
100117,THIMOL
100120,TWEEN 20
100125,LAVANYA ZUNI DISPERSION
100127,PURI COLOR YELLOW PYE 1-L
100128,VITAMINE E
100130,WHITE BEES WAX
100132,F.D.& C YELLOW 5
100134,ZINC OXIDE
100140,CAN CAN
100143,CIEN 85318
100147,ETERNAL ESS.OIL
100149,GIVEX 18763
100151,GIVEX 22324
100152,GIVEX 23541
100158,JASMINE ESS.OIL
100160,JF G 1039042
100162,LABRADOR 175504
100165,LITTLE JOHN
100178,RAINBOW D
100183,SANDLE WOOD CO 13490B
100202,PARC F
100304,SAVENDRA ROOTS
100346,WHITE SANDLEWOOD
101581,NEO HELIOPAN BB
100473,GALAXY 111
100483,CETRIMIDE B.P
100503,BLACK NIGHT 290686
100527,CARBOPOL AQUA SF - 1
100535,GY COL BULK - IMPORTED (  LOVE AFFAIR  )
100536,GY COL BULK - IMPTED ( MISCHIEF MAKER  )
100537,GY COL BULK - IMPORTED ( SECRET CRUSH )
100594,SOMERSET CARE 30 CR (  Srilex 1730  )
100840,MALE INSTINCT
101582,LAURIC ACID
100873,MONO PROPOLYNE GLYCOL
100874,KINGSTON IND 694592
100894,SRILEX 1798
100986,OPTAMINT FSM 380616
101016,INDUCOS 14/3 BLUE
101028,Srilex 1815
101043,AJIDEW NL - 50
101073,FABRICA 362781
101083,CMC POLYMER
101085,TINOPAL DMA - X
101163,GERMALL 115
101203,ULTREZ 20
101204,OLIVAM 1000
101207,"PETROLAN, ULTRA WHITE, USP"
101208,SHEBU - WS
101211,L-ARGININE
101216,UVINUL MC 80
101223,INNOVATION AR 285118
101234,UNILACTAMIN L-17
101235,METHOCEL 40 - 0202
101264,DOW CORNING 244
101265,ROSE WATER
101267,WATER LILLY
101271,COSMENYL GREEN GG ( C.I. NO:P.G.7 )
101274,ULTREZ 21
101275,HYDROLYZED WHEAT PROTEIN
101276,BEN # 4
101277,AMP No:  95
101278,FIELD OF DAISIES 956773
101279,XAVIER 488490
101280,FRENCH APPLE 884412
101281,NOVETHIX L -  10
101283,GLUCOPON 600 CSUP
101285,RHEOVIS AT 120
101286,COSMENYL VIOLET RL
101287,UCON LB 1145
101288,ACUSOL OP 301
101299,SOFT EDGE N/WOVEN HYD - AIR THROUGH 60mm
101304,SOFT EDGE PE - WHITE OPAQUE 60mm
101307,PE BACK SHEET 120mm - WHITE
101345,RL. PAPER PRNTD CENTRE 50mm - LIGHT BLUE
101346,PE POUCH 240mm - LIGHT BLUE
101359,POUCH TAPE 30mm - LIGHT GREEN
101363,BABY HERBAL COLOGNE SV 46167 C
101364,CORAL GABLES MOOD SH ( SRILEX 1875 )
101365,CORAL GABLES MOOD LO ( SRILEX 1876 )
101366,SRILEX 1722 IMP - 1 ( SRILEX 1880 )
101369,ORANGE SAI  X2L0232
101373,ALMOND SEED
101375,POMACE OLIVE OIL
101377,TINOSAN HP 100
101378,LUTENSOL TO 8
101379,ACUSOL 445 N
101382,CREME SILK 744193
101394,TAPIOCA PURE STARCH
101396,S / WOOD CHIPS
101397,TENDER SPLASH SUPER 755469
101401,HAIR FALL PROTECTION TSG15-06236
101402,KERASOL
101405,SILVER LUSTRE STAB 2 ( SRILEX 1882 )
101406,WHOLE EGG POWDER
101407,SILVER LUSTRE INDE (SRILEX 1883)
101410,CITRUS TIDES IMP ( SRILEX 1888 )
101411,FLORAL HEAVEN IMP ( SRILEX 1887 )
101415,SODIUM HYDROXIDE
101416,PEA NUT EXTRACT (BIOTIN)
101443,VETIVER OIL
101474,PS GOLD GEL AM 47259 C
101483,HIMALAYAN ESSENCE IMP IND
101493,LAVANYA REVOLUTUM DISPERSION
101499,SODIUM FLUORIDE
101500,PHENOXY ETHANOL
101503,KOH
101505,MYRISTIC ACID
101516,ZINC ACETATE
101534,LAVANYA DECORUM DISPERSION
101565,OPTAMINT 724636
101566,OPTAMINT 725013
101567,OPTAMINT 725024
101574,POTASSIUM SORBATE
101575,GLYCINE
101576,OPTAMINT 701655
101577,GREEN BLOSSOM
101583,LEMON RUSH H
101584,VIRGIN KING COCONUT OIL
101593,SENSIDIN DO
101594,OPTAMINT 727877
101595,OPTAMINT 728948
101597,ZINC SULPHATE HEPTA HYDRATE
101603,SILICA GRANULES - BIGGER SIZE (BLUE)
101604,SILICA GRANULES - BIGGER SIZE (GREEN)
101613,SODIUM CHLORIDE - EXTRA PURE 99.5%
101615,GILOU FREEZE AM 40835 B
101617,TRUE XTREM VIKING AM 53357
101653,BEE'S HONEY EXTRACT
101697,NIACINAMIDE
101698,NOVEMER EC 2
101699,VISCOFIL WHITE ARCL 30
101700,CC OXIDE YELLOW FP 401
101701,Dill Seeds
101702,UNIPEARL SYE
101733,BELCILEG 2
101734,AVOCADO BUTTER
101735,MICONOL CM 
101737,GREEN VIBRAT 2
101738,CHEM 1789 -BUTYLMETHOXYDIBENZOYL METHANE
101739,SAFFRON
101740,LAVENDER OIL
101742,PINK PETAL TOUCH - FRAGRANCE
101760,GREEN PASTURES (Srilex 1915)
101766,GOLDEN GLOW
101768,ELEGANT WHITE
101783,MYSTIC PURPLE
101784,Lavender HS 
101785,Waterlily Mist
101786,HYDRA NOURISHING
101793,FLEXONYL YELLOW G 30
101794,REDENSYL
101796,Sera Sense RB 21
101797,Sera Sense SF CM 5(Cyclopentasiloxane)
101798,Sera Sense GB 10 ( Gum Blend)
101799,Sera Sense SF PTM (Phenyl Trimethicone)
101800,Sera Sense SF CM 56(Cyclopenta and Hexasiloxane)
101806,Grape Seed Oil
101807,D & C Violet 2 colour powder
101812,Jojoba Oil
101814,Argan Oil
101819,Pomegranate Oil
101821,ELO HAIR OIL TK 59073B
101822,Elo Orchid TK 59073
101823,Rosemary Oil
101824,AVACADO OIL
101826,ORANGE OIL
101827,BLACK SEED OIL
101828,CAMOMILE OIL
101830,ALMOND & VITAMIN C EXTRACT
101831,GLAMOUR CURLS 763789 (FRAGRANCE)
101833,GREEN BEAUTY (FRAGRANCE)
101835,BLACK IMPACT T 15017012 (FRAGRANCE)
101836,GINOL 1618 TA (CETO-STEARYL ALCOHOL)
101838,UCON LUBRICANT 50 - HB - 660
101839,GENAMIN KDMP
101840,BELSIL ADM 331
101842,SCHERCODINE (TM) S AMIDO AMINE
101525,LUBRAJEL OIL
101383,CAMPHOR
101384,EUCALYPTAS OIL
101385,METHYL SALICYLATE
101753,PE POUCH 240mm - NEW BLUE COLOR(SAMPLE2)
101758,RL. PAPER PRNTD CENTRE 50mm - BLUE COLOR
101808,Macadamia Oil
101810,Camellia Oil
101811,Hibiscus Oil
100096,SALISILC ACID
101284,ECOSENSE 919
101504,AQUA SF - 2
101506,FRESH SCRUB
101507,UNIPEARL
101508,TINGLING FRESH
101755,RL. PAPER PRNTD CENTRE 50mm - PINK COLOR
101756,PE POUCH 290mm - LIGHT PINK
101804,Geranium Oil
101813,Sesame Oil
101816,Walnut Oil
101818,LAVENDER OIL
101820,Brahmi Oil