Material,Name,Supply plan,,,,,,,,,,,,,,,
101383,CAMPHOR, -   , -   , -   , -   , -   ,,,,,,,,,,,
101384,EUCALYPTAS OIL, -   , -   , -   , -   , -   ,,,,,,,,,,,
101385,METHYL SALICYLATE, -   , -   , -   , -   , -   ,,,,,,,,,,,
101753,PE POUCH 240mm - NEW BLUE COLOR(SAMPLE2), -   , -   , -   , -   , -   ,,,,,,,,,,,
101758,RL. PAPER PRNTD CENTRE 50mm - BLUE COLOR, -   , -   , -   , -   , -   ,,,,,,,,,,,
101808,Macadamia Oil, 0 , 0 , 0 , 0 , 0 ,,,,,,,,,,,
101810,Camellia Oil, 0 , 0 , 0 , 0 , 0 ,,,,,,,,,,,
101811,Hibiscus Oil, 0 , 0 , 0 , 0 , 0 ,,,,,,,,,,,
100096,SALISILC ACID, -   , -   , -   , -   , -   ,,,,,,,,,,,
101284,ECOSENSE 919, -   , -   , -   , -   , -   ,,,,,,,,,,,
101504,AQUA SF - 2, -   , -   , -   , -   , -   ,,,,,,,,,,,
101506,FRESH SCRUB, -   , -   , -   , -   , -   ,,,,,,,,,,,
101507,UNIPEARL, -   , -   , -   , -   , -   ,,,,,,,,,,,
101508,TINGLING FRESH, -   , -   , -   , -   , -   ,,,,,,,,,,,
101755,RL. PAPER PRNTD CENTRE 50mm - PINK COLOR, -   , -   , -   , -   , -   ,,,,,,,,,,,
101756,PE POUCH 290mm - LIGHT PINK, -   , -   , -   , -   , -   ,,,,,,,,,,,
101804,Geranium Oil, 0 , 0 , 0 , 0 , 0 ,,,,,,,,,,,
101813,Sesame Oil, 0 , 0 , 0 , 0 , 0 ,,,,,,,,,,,
101816,Walnut Oil, 0 , 0 , 0 , 0 , 0 ,,,,,,,,,,,
101818,LAVENDER OIL, 0 , 0 , 0 , 0 , 0 ,,,,,,,,,,,
101820,Brahmi Oil, 0 , 0 , 0 , 0 , 0 ,,,,,,,,,,,